strategy,task,start_ms,duration_ms,end_ms,frame_id
NormalOnly,Image,0.0,0.2482999999999791,0.2482999999999791,0
NormalOnly,Control,0.2482999999999791,0.4,0.6482999999999791,0
NormalOnly,Comm,0.6482999999999791,0.3,0.948299999999979,0
NormalOnly,Image,2.0,0.1257999999999537,2.1257999999999537,1
NormalOnly,Control,2.1257999999999537,0.4,2.5257999999999536,1
NormalOnly,Comm,2.5257999999999536,0.3,2.8257999999999535,1
NormalOnly,Image,4.0,0.1324000000000325,4.1324000000000325,2
NormalOnly,Control,4.1324000000000325,0.4,4.532400000000033,2
NormalOnly,Comm,4.532400000000033,0.3,4.832400000000033,2
NormalOnly,Image,6.0,0.1508999999999538,6.150899999999954,3
NormalOnly,Control,6.150899999999954,0.4,6.550899999999954,3
NormalOnly,Comm,6.550899999999954,0.3,6.850899999999954,3
NormalOnly,Image,8.0,0.2301000000000108,8.23010000000001,4
NormalOnly,Control,8.23010000000001,0.4,8.630100000000011,4
NormalOnly,Comm,8.630100000000011,0.3,8.930100000000012,4
NormalOnly,Image,10.0,0.1412000000000635,10.141200000000063,5
NormalOnly,Control,10.141200000000063,0.4,10.541200000000064,5
NormalOnly,Comm,10.541200000000064,0.3,10.841200000000065,5
NormalOnly,Image,12.0,0.1387999999999944,12.138799999999994,6
NormalOnly,Control,12.138799999999994,0.4,12.538799999999995,6
NormalOnly,Comm,12.538799999999995,0.3,12.838799999999996,6
NormalOnly,Image,14.0,0.1316000000000095,14.13160000000001,7
NormalOnly,Control,14.13160000000001,0.4,14.53160000000001,7
NormalOnly,Comm,14.53160000000001,0.3,14.83160000000001,7
NormalOnly,Image,16.0,0.1339000000000201,16.13390000000002,8
NormalOnly,Control,16.13390000000002,0.4,16.533900000000017,8
NormalOnly,Comm,16.533900000000017,0.3,16.833900000000018,8
NormalOnly,Image,18.0,0.1749999999999252,18.174999999999926,9
NormalOnly,Control,18.174999999999926,0.4,18.574999999999925,9
NormalOnly,Comm,18.574999999999925,0.3,18.874999999999925,9
NormalOnly,Image,20.0,0.1366999999999896,20.13669999999999,10
NormalOnly,Control,20.13669999999999,0.4,20.53669999999999,10
NormalOnly,Comm,20.53669999999999,0.3,20.83669999999999,10
NormalOnly,Image,22.0,0.1354999999999551,22.135499999999954,11
NormalOnly,Control,22.135499999999954,0.4,22.535499999999953,11
NormalOnly,Comm,22.535499999999953,0.3,22.835499999999954,11
NormalOnly,Image,24.0,0.1394999999999591,24.13949999999996,12
NormalOnly,Control,24.13949999999996,0.4,24.539499999999958,12
NormalOnly,Comm,24.539499999999958,0.3,24.83949999999996,12
NormalOnly,Image,26.0,0.1293999999999462,26.129399999999947,13
NormalOnly,Control,26.129399999999947,0.4,26.529399999999946,13
NormalOnly,Comm,26.529399999999946,0.3,26.829399999999946,13
NormalOnly,Image,28.0,0.1554000000000277,28.15540000000003,14
NormalOnly,Control,28.15540000000003,0.4,28.555400000000027,14
NormalOnly,Comm,28.555400000000027,0.3,28.855400000000028,14
NormalOnly,Image,30.0,0.1325000000000908,30.13250000000009,15
NormalOnly,Control,30.13250000000009,0.4,30.532500000000088,15
NormalOnly,Comm,30.532500000000088,0.3,30.83250000000009,15
NormalOnly,Image,32.0,0.1362000000000307,32.13620000000003,16
NormalOnly,Control,32.13620000000003,0.4,32.53620000000003,16
NormalOnly,Comm,32.53620000000003,0.3,32.83620000000003,16
NormalOnly,Image,34.0,0.1358000000000192,34.13580000000002,17
NormalOnly,Control,34.13580000000002,0.4,34.535800000000016,17
NormalOnly,Comm,34.535800000000016,0.3,34.83580000000001,17
NormalOnly,Image,36.0,0.1588000000000144,36.158800000000014,18
NormalOnly,Control,36.158800000000014,0.4,36.55880000000001,18
NormalOnly,Comm,36.55880000000001,0.3,36.85880000000001,18
NormalOnly,Image,38.0,0.136000000000025,38.136000000000024,19
NormalOnly,Control,38.136000000000024,0.4,38.53600000000002,19
NormalOnly,Comm,38.53600000000002,0.3,38.83600000000002,19
NormalOnly,Image,40.0,0.1327999999999329,40.13279999999993,20
NormalOnly,Control,40.13279999999993,0.4,40.53279999999993,20
NormalOnly,Comm,40.53279999999993,0.3,40.83279999999993,20
NormalOnly,Image,42.0,0.1377000000000183,42.13770000000002,21
NormalOnly,Control,42.13770000000002,0.4,42.537700000000015,21
NormalOnly,Comm,42.537700000000015,0.3,42.83770000000001,21
NormalOnly,Image,44.0,0.1323000000000851,44.132300000000086,22
NormalOnly,Control,44.132300000000086,0.4,44.532300000000085,22
NormalOnly,Comm,44.532300000000085,0.3,44.83230000000008,22
NormalOnly,Image,46.0,0.1347999999999904,46.13479999999999,23
NormalOnly,Control,46.13479999999999,0.4,46.53479999999999,23
NormalOnly,Comm,46.53479999999999,0.3,46.83479999999999,23
NormalOnly,Image,48.0,0.1942999999999806,48.194299999999984,24
NormalOnly,Control,48.194299999999984,0.4,48.59429999999998,24
NormalOnly,Comm,48.59429999999998,0.3,48.89429999999998,24
NormalOnly,Image,50.0,0.1375000000000126,50.13750000000001,25
NormalOnly,Control,50.13750000000001,0.4,50.53750000000001,25
NormalOnly,Comm,50.53750000000001,0.3,50.837500000000006,25
NormalOnly,Image,52.0,0.1364000000001475,52.136400000000144,26
NormalOnly,Control,52.136400000000144,0.4,52.53640000000014,26
NormalOnly,Comm,52.53640000000014,0.3,52.83640000000014,26
NormalOnly,Image,54.0,0.1342999999998095,54.13429999999981,27
NormalOnly,Control,54.13429999999981,0.4,54.53429999999981,27
NormalOnly,Comm,54.53429999999981,0.3,54.83429999999981,27
NormalOnly,Image,56.0,0.1335000000000086,56.13350000000001,28
NormalOnly,Control,56.13350000000001,0.4,56.53350000000001,28
NormalOnly,Comm,56.53350000000001,0.3,56.83350000000001,28
NormalOnly,Image,58.0,0.1516999999999768,58.15169999999998,29
NormalOnly,Control,58.15169999999998,0.4,58.551699999999975,29
NormalOnly,Comm,58.551699999999975,0.3,58.85169999999997,29
NormalOnly,Image,60.0,0.1378999999999131,60.13789999999992,30
NormalOnly,Control,60.13789999999992,0.4,60.537899999999915,30
NormalOnly,Comm,60.537899999999915,0.3,60.83789999999991,30
NormalOnly,Image,62.0,0.5450000000000177,62.545000000000016,31
NormalOnly,Control,62.545000000000016,0.4,62.945000000000014,31
NormalOnly,Comm,62.945000000000014,0.3,63.24500000000001,31
NormalOnly,Image,64.0,0.4469999999998642,64.44699999999986,32
NormalOnly,Control,64.44699999999986,0.4,64.84699999999987,32
NormalOnly,Comm,64.84699999999987,0.3,65.14699999999986,32
NormalOnly,Image,66.0,0.3998000000000612,66.39980000000006,33
NormalOnly,Control,66.39980000000006,0.4,66.79980000000006,33
NormalOnly,Comm,66.79980000000006,0.3,67.09980000000006,33
NormalOnly,Image,68.0,0.1345999999999847,68.13459999999998,34
NormalOnly,Control,68.13459999999998,0.4,68.53459999999998,34
NormalOnly,Comm,68.53459999999998,0.3,68.83459999999998,34
NormalOnly,Image,70.0,0.1340999999999148,70.13409999999992,35
NormalOnly,Control,70.13409999999992,0.4,70.53409999999992,35
NormalOnly,Comm,70.53409999999992,0.3,70.83409999999992,35
NormalOnly,Image,72.0,0.4186999999999941,72.4187,36
NormalOnly,Control,72.4187,0.4,72.8187,36
NormalOnly,Comm,72.8187,0.3,73.1187,36
NormalOnly,Image,74.0,0.413600000000125,74.41360000000013,37
NormalOnly,Control,74.41360000000013,0.4,74.81360000000014,37
NormalOnly,Comm,74.81360000000014,0.3,75.11360000000013,37
NormalOnly,Image,76.0,0.1314999999999511,76.13149999999995,38
NormalOnly,Control,76.13149999999995,0.4,76.53149999999995,38
NormalOnly,Comm,76.53149999999995,0.3,76.83149999999995,38
NormalOnly,Image,78.0,0.1314000000001147,78.13140000000011,39
NormalOnly,Control,78.13140000000011,0.4,78.53140000000012,39
NormalOnly,Comm,78.53140000000012,0.3,78.83140000000012,39
NormalOnly,Image,80.0,0.4142000000000312,80.41420000000004,40
NormalOnly,Control,80.41420000000004,0.4,80.81420000000004,40
NormalOnly,Comm,80.81420000000004,0.3,81.11420000000004,40
NormalOnly,Image,82.0,0.4167999999999949,82.4168,41
NormalOnly,Control,82.4168,0.4,82.8168,41
NormalOnly,Comm,82.8168,0.3,83.1168,41
NormalOnly,Image,84.0,0.4116000000000674,84.41160000000006,42
NormalOnly,Control,84.41160000000006,0.4,84.81160000000007,42
NormalOnly,Comm,84.81160000000007,0.3,85.11160000000007,42
NormalOnly,Image,86.0,0.5052999999999308,86.50529999999993,43
NormalOnly,Control,86.50529999999993,0.4,86.90529999999994,43
NormalOnly,Comm,86.90529999999994,0.3,87.20529999999994,43
NormalOnly,Image,88.0,0.13440000000009,88.13440000000008,44
NormalOnly,Control,88.13440000000008,0.4,88.53440000000009,44
NormalOnly,Comm,88.53440000000009,0.3,88.83440000000009,44
NormalOnly,Image,90.0,0.5854000000000692,90.58540000000006,45
NormalOnly,Control,90.58540000000006,0.4,90.98540000000007,45
NormalOnly,Comm,90.98540000000007,0.3,91.28540000000007,45
NormalOnly,Image,92.0,0.4051000000000471,92.40510000000005,46
NormalOnly,Control,92.40510000000005,0.4,92.80510000000005,46
NormalOnly,Comm,92.80510000000005,0.3,93.10510000000005,46
NormalOnly,Image,94.0,0.4140999999999728,94.41409999999998,47
NormalOnly,Control,94.41409999999998,0.4,94.81409999999998,47
NormalOnly,Comm,94.81409999999998,0.3,95.11409999999998,47
NormalOnly,Image,96.0,0.1304999999998113,96.13049999999981,48
NormalOnly,Control,96.13049999999981,0.4,96.53049999999982,48
NormalOnly,Comm,96.53049999999982,0.3,96.83049999999982,48
NormalOnly,Image,98.0,0.1446999999998865,98.14469999999989,49
NormalOnly,Control,98.14469999999989,0.4,98.54469999999989,49
NormalOnly,Comm,98.54469999999989,0.3,98.84469999999989,49
NormalOnly,Image,100.0,0.4083000000001391,100.40830000000014,50
NormalOnly,Control,100.40830000000014,0.4,100.80830000000014,50
NormalOnly,Comm,100.80830000000014,0.3,101.10830000000014,50
NormalOnly,Image,102.0,0.7789000000000268,102.77890000000002,51
NormalOnly,Control,102.77890000000002,0.4,103.17890000000003,51
NormalOnly,Comm,103.17890000000003,0.3,103.47890000000002,51
NormalOnly,Image,104.0,0.4151000000001126,104.41510000000011,52
NormalOnly,Control,104.41510000000011,0.4,104.81510000000011,52
NormalOnly,Comm,104.81510000000011,0.3,105.11510000000011,52
NormalOnly,Image,106.0,0.4177000000000763,106.41770000000008,53
NormalOnly,Control,106.41770000000008,0.4,106.81770000000009,53
NormalOnly,Comm,106.81770000000009,0.3,107.11770000000008,53
NormalOnly,Image,108.0,0.4148000000001595,108.41480000000016,54
NormalOnly,Control,108.41480000000016,0.4,108.81480000000016,54
NormalOnly,Comm,108.81480000000016,0.3,109.11480000000016,54
NormalOnly,Image,110.0,0.1645000000001228,110.16450000000012,55
NormalOnly,Control,110.16450000000012,0.4,110.56450000000012,55
NormalOnly,Comm,110.56450000000012,0.3,110.86450000000012,55
NormalOnly,Image,112.0,0.4200999999999233,112.42009999999992,56
NormalOnly,Control,112.42009999999992,0.4,112.82009999999993,56
NormalOnly,Comm,112.82009999999993,0.3,113.12009999999992,56
NormalOnly,Image,114.0,0.4128999999999383,114.41289999999994,57
NormalOnly,Control,114.41289999999994,0.4,114.81289999999994,57
NormalOnly,Comm,114.81289999999994,0.3,115.11289999999994,57
NormalOnly,Image,116.0,0.4306000000000587,116.43060000000006,58
NormalOnly,Control,116.43060000000006,0.4,116.83060000000006,58
NormalOnly,Comm,116.83060000000006,0.3,117.13060000000006,58
NormalOnly,Image,118.0,0.1282000000000227,118.12820000000002,59
NormalOnly,Control,118.12820000000002,0.4,118.52820000000003,59
NormalOnly,Comm,118.52820000000003,0.3,118.82820000000002,59
NormalOnly,Image,120.0,12.752600000000005,132.7526,60
NormalOnly,Control,132.7526,0.4,133.1526,60
NormalOnly,Comm,133.1526,0.3,133.45260000000002,60
NormalOnly,Image,122.0,7.669600000000054,129.66960000000006,61
NormalOnly,Control,129.66960000000006,0.4,130.06960000000007,61
NormalOnly,Comm,130.06960000000007,0.3,130.36960000000008,61
NormalOnly,Image,124.0,8.009799999999956,132.00979999999996,62
NormalOnly,Control,132.00979999999996,0.4,132.40979999999996,62
NormalOnly,Comm,132.40979999999996,0.3,132.70979999999997,62
NormalOnly,Image,126.0,7.793300000000114,133.7933000000001,63
NormalOnly,Control,133.7933000000001,0.4,134.1933000000001,63
NormalOnly,Comm,134.1933000000001,0.3,134.49330000000012,63
NormalOnly,Image,128.0,7.538099999999881,135.53809999999987,64
NormalOnly,Control,135.53809999999987,0.4,135.93809999999988,64
NormalOnly,Comm,135.93809999999988,0.3,136.2380999999999,64
NormalOnly,Image,130.0,7.789000000000046,137.78900000000004,65
NormalOnly,Control,137.78900000000004,0.4,138.18900000000005,65
NormalOnly,Comm,138.18900000000005,0.3,138.48900000000006,65
NormalOnly,Image,132.0,7.787899999999848,139.78789999999984,66
NormalOnly,Control,139.78789999999984,0.4,140.18789999999984,66
NormalOnly,Comm,140.18789999999984,0.3,140.48789999999985,66
NormalOnly,Image,134.0,8.03799999999999,142.03799999999998,67
NormalOnly,Control,142.03799999999998,0.4,142.438,67
NormalOnly,Comm,142.438,0.3,142.738,67
NormalOnly,Image,136.0,7.72930000000005,143.72930000000005,68
NormalOnly,Control,143.72930000000005,0.4,144.12930000000006,68
NormalOnly,Comm,144.12930000000006,0.3,144.42930000000007,68
NormalOnly,Image,138.0,7.744999999999891,145.7449999999999,69
NormalOnly,Control,145.7449999999999,0.4,146.1449999999999,69
NormalOnly,Comm,146.1449999999999,0.3,146.4449999999999,69
NormalOnly,Image,140.0,8.007799999999898,148.0077999999999,70
NormalOnly,Control,148.0077999999999,0.4,148.4077999999999,70
NormalOnly,Comm,148.4077999999999,0.3,148.7077999999999,70
NormalOnly,Image,142.0,8.749300000000293,150.7493000000003,71
NormalOnly,Control,150.7493000000003,0.4,151.1493000000003,71
NormalOnly,Comm,151.1493000000003,0.3,151.4493000000003,71
NormalOnly,Image,144.0,7.735499999999895,151.7354999999999,72
NormalOnly,Control,151.7354999999999,0.4,152.1354999999999,72
NormalOnly,Comm,152.1354999999999,0.3,152.4354999999999,72
NormalOnly,Image,146.0,7.857399999999792,153.85739999999979,73
NormalOnly,Control,153.85739999999979,0.4,154.2573999999998,73
NormalOnly,Comm,154.2573999999998,0.3,154.5573999999998,73
NormalOnly,Image,148.0,7.661899999999999,155.6619,74
NormalOnly,Control,155.6619,0.4,156.0619,74
NormalOnly,Comm,156.0619,0.3,156.36190000000002,74
NormalOnly,Image,150.0,7.795999999999914,157.7959999999999,75
NormalOnly,Control,157.7959999999999,0.4,158.1959999999999,75
NormalOnly,Comm,158.1959999999999,0.3,158.49599999999992,75
NormalOnly,Image,152.0,7.579799999999803,159.5797999999998,76
NormalOnly,Control,159.5797999999998,0.4,159.9797999999998,76
NormalOnly,Comm,159.9797999999998,0.3,160.27979999999982,76
NormalOnly,Image,154.0,7.70570000000026,161.70570000000026,77
NormalOnly,Control,161.70570000000026,0.4,162.10570000000027,77
NormalOnly,Comm,162.10570000000027,0.3,162.40570000000028,77
NormalOnly,Image,156.0,7.597699999999818,163.5976999999998,78
NormalOnly,Control,163.5976999999998,0.4,163.9976999999998,78
NormalOnly,Comm,163.9976999999998,0.3,164.29769999999982,78
NormalOnly,Image,158.0,7.918399999999881,165.91839999999988,79
NormalOnly,Control,165.91839999999988,0.4,166.31839999999988,79
NormalOnly,Comm,166.31839999999988,0.3,166.6183999999999,79
NormalOnly,Image,160.0,7.799900000000193,167.7999000000002,80
NormalOnly,Control,167.7999000000002,0.4,168.1999000000002,80
NormalOnly,Comm,168.1999000000002,0.3,168.49990000000022,80
NormalOnly,Image,162.0,7.565900000000347,169.56590000000034,81
NormalOnly,Control,169.56590000000034,0.4,169.96590000000035,81
NormalOnly,Comm,169.96590000000035,0.3,170.26590000000036,81
NormalOnly,Image,164.0,7.848999999999773,171.84899999999976,82
NormalOnly,Control,171.84899999999976,0.4,172.24899999999977,82
NormalOnly,Comm,172.24899999999977,0.3,172.54899999999978,82
NormalOnly,Image,166.0,7.82050000000023,173.82050000000024,83
NormalOnly,Control,173.82050000000024,0.4,174.22050000000024,83
NormalOnly,Comm,174.22050000000024,0.3,174.52050000000025,83
NormalOnly,Image,168.0,7.900999999999936,175.90099999999993,84
NormalOnly,Control,175.90099999999993,0.4,176.30099999999993,84
NormalOnly,Comm,176.30099999999993,0.3,176.60099999999994,84
NormalOnly,Image,170.0,7.802199999999981,177.80219999999997,85
NormalOnly,Control,177.80219999999997,0.4,178.20219999999998,85
NormalOnly,Comm,178.20219999999998,0.3,178.5022,85
NormalOnly,Image,172.0,8.40609999999975,180.40609999999975,86
NormalOnly,Control,180.40609999999975,0.4,180.80609999999976,86
NormalOnly,Comm,180.80609999999976,0.3,181.10609999999977,86
NormalOnly,Image,174.0,7.820199999999833,181.82019999999983,87
NormalOnly,Control,181.82019999999983,0.4,182.22019999999983,87
NormalOnly,Comm,182.22019999999983,0.3,182.52019999999985,87
NormalOnly,Image,176.0,7.671100000000042,183.67110000000005,88
NormalOnly,Control,183.67110000000005,0.4,184.07110000000006,88
NormalOnly,Comm,184.07110000000006,0.3,184.37110000000007,88
NormalOnly,Image,178.0,7.777799999999946,185.77779999999996,89
NormalOnly,Control,185.77779999999996,0.4,186.17779999999996,89
NormalOnly,Comm,186.17779999999996,0.3,186.47779999999997,89
NormalOnly,Image,180.0,7.824600000000181,187.82460000000017,90
NormalOnly,Control,187.82460000000017,0.4,188.22460000000018,90
NormalOnly,Comm,188.22460000000018,0.3,188.5246000000002,90
NormalOnly,Image,182.0,8.394800000000036,190.39480000000003,91
NormalOnly,Control,190.39480000000003,0.4,190.79480000000004,91
NormalOnly,Comm,190.79480000000004,0.3,191.09480000000005,91
NormalOnly,Image,184.0,7.822299999999949,191.82229999999996,92
NormalOnly,Control,191.82229999999996,0.4,192.22229999999996,92
NormalOnly,Comm,192.22229999999996,0.3,192.52229999999997,92
NormalOnly,Image,186.0,7.914099999999813,193.91409999999982,93
NormalOnly,Control,193.91409999999982,0.4,194.31409999999983,93
NormalOnly,Comm,194.31409999999983,0.3,194.61409999999984,93
NormalOnly,Image,188.0,7.883599999999991,195.8836,94
NormalOnly,Control,195.8836,0.4,196.2836,94
NormalOnly,Comm,196.2836,0.3,196.58360000000002,94
NormalOnly,Image,190.0,7.763800000000209,197.7638000000002,95
NormalOnly,Control,197.7638000000002,0.4,198.1638000000002,95
NormalOnly,Comm,198.1638000000002,0.3,198.46380000000022,95
NormalOnly,Image,192.0,7.95749999999984,199.95749999999984,96
NormalOnly,Control,199.95749999999984,0.4,200.35749999999985,96
NormalOnly,Comm,200.35749999999985,0.3,200.65749999999986,96
NormalOnly,Image,194.0,7.614000000000232,201.61400000000023,97
NormalOnly,Control,201.61400000000023,0.4,202.01400000000024,97
NormalOnly,Comm,202.01400000000024,0.3,202.31400000000025,97
NormalOnly,Image,196.0,7.944699999999916,203.94469999999993,98
NormalOnly,Control,203.94469999999993,0.4,204.34469999999993,98
NormalOnly,Comm,204.34469999999993,0.3,204.64469999999994,98
NormalOnly,Image,198.0,7.590699999999728,205.59069999999974,99
NormalOnly,Control,205.59069999999974,0.4,205.99069999999975,99
NormalOnly,Comm,205.99069999999975,0.3,206.29069999999976,99
NormalOnly,Image,200.0,7.64710000000024,207.64710000000025,100
NormalOnly,Control,207.64710000000025,0.4,208.04710000000026,100
NormalOnly,Comm,208.04710000000026,0.3,208.34710000000027,100
NormalOnly,Image,202.0,7.823899999999995,209.82389999999998,101
NormalOnly,Control,209.82389999999998,0.4,210.2239,101
NormalOnly,Comm,210.2239,0.3,210.5239,101
NormalOnly,Image,204.0,7.689999999999753,211.68999999999974,102
NormalOnly,Control,211.68999999999974,0.4,212.08999999999975,102
NormalOnly,Comm,212.08999999999975,0.3,212.38999999999976,102
NormalOnly,Image,206.0,7.953399999999888,213.95339999999987,103
NormalOnly,Control,213.95339999999987,0.4,214.35339999999988,103
NormalOnly,Comm,214.35339999999988,0.3,214.6533999999999,103
NormalOnly,Image,208.0,7.847400000000171,215.84740000000016,104
NormalOnly,Control,215.84740000000016,0.4,216.24740000000017,104
NormalOnly,Comm,216.24740000000017,0.3,216.54740000000018,104
NormalOnly,Image,210.0,7.626899999999992,217.62689999999998,105
NormalOnly,Control,217.62689999999998,0.4,218.02689999999998,105
NormalOnly,Comm,218.02689999999998,0.3,218.3269,105
NormalOnly,Image,212.0,8.105500000000099,220.1055000000001,106
NormalOnly,Control,220.1055000000001,0.4,220.5055000000001,106
NormalOnly,Comm,220.5055000000001,0.3,220.8055000000001,106
NormalOnly,Image,214.0,7.6032999999999795,221.6033,107
NormalOnly,Control,221.6033,0.4,222.0033,107
NormalOnly,Comm,222.0033,0.3,222.3033,107
NormalOnly,Image,216.0,7.98539999999992,223.9853999999999,108
NormalOnly,Control,223.9853999999999,0.4,224.38539999999992,108
NormalOnly,Comm,224.38539999999992,0.3,224.68539999999993,108
NormalOnly,Image,218.0,7.7449000000000545,225.74490000000006,109
NormalOnly,Control,225.74490000000006,0.4,226.14490000000006,109
NormalOnly,Comm,226.14490000000006,0.3,226.44490000000008,109
NormalOnly,Image,220.0,8.158599999999794,228.1585999999998,110
NormalOnly,Control,228.1585999999998,0.4,228.5585999999998,110
NormalOnly,Comm,228.5585999999998,0.3,228.85859999999983,110
NormalOnly,Image,222.0,7.640299999999822,229.64029999999983,111
NormalOnly,Control,229.64029999999983,0.4,230.04029999999983,111
NormalOnly,Comm,230.04029999999983,0.3,230.34029999999984,111
NormalOnly,Image,224.0,7.768599999999903,231.7685999999999,112
NormalOnly,Control,231.7685999999999,0.4,232.1685999999999,112
NormalOnly,Comm,232.1685999999999,0.3,232.46859999999992,112
NormalOnly,Image,226.0,7.737999999999801,233.7379999999998,113
NormalOnly,Control,233.7379999999998,0.4,234.1379999999998,113
NormalOnly,Comm,234.1379999999998,0.3,234.43799999999982,113
NormalOnly,Image,228.0,7.82689999999997,235.82689999999997,114
NormalOnly,Control,235.82689999999997,0.4,236.22689999999997,114
NormalOnly,Comm,236.22689999999997,0.3,236.52689999999998,114
NormalOnly,Image,230.0,8.012200000000025,238.01220000000004,115
NormalOnly,Control,238.01220000000004,0.4,238.41220000000004,115
NormalOnly,Comm,238.41220000000004,0.3,238.71220000000005,115
NormalOnly,Image,232.0,7.606700000000188,239.6067000000002,116
NormalOnly,Control,239.6067000000002,0.4,240.0067000000002,116
NormalOnly,Comm,240.0067000000002,0.3,240.3067000000002,116
NormalOnly,Image,234.0,7.541899999999657,241.54189999999966,117
NormalOnly,Control,241.54189999999966,0.4,241.94189999999966,117
NormalOnly,Comm,241.94189999999966,0.3,242.24189999999967,117
NormalOnly,Image,236.0,7.714299999999952,243.71429999999995,118
NormalOnly,Control,243.71429999999995,0.4,244.11429999999996,118
NormalOnly,Comm,244.11429999999996,0.3,244.41429999999997,118
NormalOnly,Image,238.0,7.798899999999609,245.7988999999996,119
NormalOnly,Control,245.7988999999996,0.4,246.1988999999996,119
NormalOnly,Comm,246.1988999999996,0.3,246.49889999999962,119
WCET,Image,0.0,0.2482999999999791,0.2482999999999791,0
WCET,Control,0.2482999999999791,0.4,0.6482999999999791,0
WCET,Comm,0.6482999999999791,0.3,0.948299999999979,0
WCET,Image,14.027860000000006,0.1257999999999537,14.15365999999996,1
WCET,Control,14.15365999999996,0.4,14.55365999999996,1
WCET,Comm,14.55365999999996,0.3,14.85365999999996,1
WCET,Image,28.05572000000001,0.1324000000000325,28.188120000000044,2
WCET,Control,28.188120000000044,0.4,28.588120000000043,2
WCET,Comm,28.588120000000043,0.3,28.888120000000043,2
WCET,Image,42.08358000000002,0.1508999999999538,42.23447999999997,3
WCET,Control,42.23447999999997,0.4,42.63447999999997,3
WCET,Comm,42.63447999999997,0.3,42.934479999999965,3
WCET,Image,56.11144000000002,0.2301000000000108,56.34154000000003,4
WCET,Control,56.34154000000003,0.4,56.74154000000003,4
WCET,Comm,56.74154000000003,0.3,57.041540000000026,4
WCET,Image,70.13930000000003,0.1412000000000635,70.2805000000001,5
WCET,Control,70.2805000000001,0.4,70.68050000000011,5
WCET,Comm,70.68050000000011,0.3,70.9805000000001,5
WCET,Image,84.16716000000004,0.1387999999999944,84.30596000000003,6
WCET,Control,84.30596000000003,0.4,84.70596000000003,6
WCET,Comm,84.70596000000003,0.3,85.00596000000003,6
WCET,Image,98.19502000000004,0.1316000000000095,98.32662000000005,7
WCET,Control,98.32662000000005,0.4,98.72662000000005,7
WCET,Comm,98.72662000000005,0.3,99.02662000000005,7
WCET,Image,112.22288000000005,0.1339000000000201,112.35678000000007,8
WCET,Control,112.35678000000007,0.4,112.75678000000008,8
WCET,Comm,112.75678000000008,0.3,113.05678000000007,8
WCET,Image,126.25074000000005,0.1749999999999252,126.42573999999998,9
WCET,Control,126.42573999999998,0.4,126.82573999999998,9
WCET,Comm,126.82573999999998,0.3,127.12573999999998,9
WCET,Image,140.27860000000007,0.1366999999999896,140.41530000000006,10
WCET,Control,140.41530000000006,0.4,140.81530000000006,10
WCET,Comm,140.81530000000006,0.3,141.11530000000008,10
WCET,Image,154.30646000000007,0.1354999999999551,154.44196000000002,11
WCET,Control,154.44196000000002,0.4,154.84196000000003,11
WCET,Comm,154.84196000000003,0.3,155.14196000000004,11
WCET,Image,168.33432000000008,0.1394999999999591,168.47382000000005,12
WCET,Control,168.47382000000005,0.4,168.87382000000005,12
WCET,Comm,168.87382000000005,0.3,169.17382000000006,12
WCET,Image,182.36218000000008,0.1293999999999462,182.49158000000003,13
WCET,Control,182.49158000000003,0.4,182.89158000000003,13
WCET,Comm,182.89158000000003,0.3,183.19158000000004,13
WCET,Image,196.39004000000008,0.1554000000000277,196.5454400000001,14
WCET,Control,196.5454400000001,0.4,196.9454400000001,14
WCET,Comm,196.9454400000001,0.3,197.24544000000012,14
WCET,Image,210.4179000000001,0.1325000000000908,210.55040000000017,15
WCET,Control,210.55040000000017,0.4,210.95040000000017,15
WCET,Comm,210.95040000000017,0.3,211.25040000000018,15
WCET,Image,224.4457600000001,0.1362000000000307,224.58196000000012,16
WCET,Control,224.58196000000012,0.4,224.98196000000013,16
WCET,Comm,224.98196000000013,0.3,225.28196000000014,16
WCET,Image,238.4736200000001,0.1358000000000192,238.6094200000001,17
WCET,Control,238.6094200000001,0.4,239.00942000000012,17
WCET,Comm,239.00942000000012,0.3,239.30942000000013,17
WCET,Image,252.5014800000001,0.1588000000000144,252.6602800000001,18
WCET,Control,252.6602800000001,0.4,253.06028000000012,18
WCET,Comm,253.06028000000012,0.3,253.36028000000013,18
WCET,Image,266.5293400000001,0.136000000000025,266.6653400000001,19
WCET,Control,266.6653400000001,0.4,267.0653400000001,19
WCET,Comm,267.0653400000001,0.3,267.3653400000001,19
WCET,Image,280.55720000000014,0.1327999999999329,280.69000000000005,20
WCET,Control,280.69000000000005,0.4,281.09000000000003,20
WCET,Comm,281.09000000000003,0.3,281.39000000000004,20
WCET,Image,294.5850600000001,0.1377000000000183,294.7227600000001,21
WCET,Control,294.7227600000001,0.4,295.1227600000001,21
WCET,Comm,295.1227600000001,0.3,295.4227600000001,21
WCET,Image,308.61292000000014,0.1323000000000851,308.74522000000024,22
WCET,Control,308.74522000000024,0.4,309.1452200000002,22
WCET,Comm,309.1452200000002,0.3,309.44522000000023,22
WCET,Image,322.6407800000001,0.1347999999999904,322.7755800000001,23
WCET,Control,322.7755800000001,0.4,323.1755800000001,23
WCET,Comm,323.1755800000001,0.3,323.4755800000001,23
WCET,Image,336.66864000000015,0.1942999999999806,336.86294000000015,24
WCET,Control,336.86294000000015,0.4,337.2629400000001,24
WCET,Comm,337.2629400000001,0.3,337.56294000000014,24
WCET,Image,350.6965000000001,0.1375000000000126,350.8340000000001,25
WCET,Control,350.8340000000001,0.4,351.2340000000001,25
WCET,Comm,351.2340000000001,0.3,351.5340000000001,25
WCET,Image,364.72436000000016,0.1364000000001475,364.8607600000003,26
WCET,Control,364.8607600000003,0.4,365.2607600000003,26
WCET,Comm,365.2607600000003,0.3,365.5607600000003,26
WCET,Image,378.75222000000014,0.1342999999998095,378.88651999999996,27
WCET,Control,378.88651999999996,0.4,379.28651999999994,27
WCET,Comm,379.28651999999994,0.3,379.58651999999995,27
WCET,Image,392.78008000000017,0.1335000000000086,392.9135800000002,28
WCET,Control,392.9135800000002,0.4,393.3135800000002,28
WCET,Comm,393.3135800000002,0.3,393.6135800000002,28
WCET,Image,406.80794000000014,0.1516999999999768,406.9596400000001,29
WCET,Control,406.9596400000001,0.4,407.35964000000007,29
WCET,Comm,407.35964000000007,0.3,407.6596400000001,29
WCET,Image,420.8358000000002,0.1378999999999131,420.97370000000006,30
WCET,Control,420.97370000000006,0.4,421.37370000000004,30
WCET,Comm,421.37370000000004,0.3,421.67370000000005,30
WCET,Image,434.86366000000015,0.5450000000000177,435.40866000000017,31
WCET,Control,435.40866000000017,0.4,435.80866000000015,31
WCET,Comm,435.80866000000015,0.3,436.10866000000016,31
WCET,Image,448.8915200000002,0.4469999999998642,449.3385200000001,32
WCET,Control,449.3385200000001,0.4,449.73852000000005,32
WCET,Comm,449.73852000000005,0.3,450.03852000000006,32
WCET,Image,462.9193800000002,0.3998000000000612,463.3191800000003,33
WCET,Control,463.3191800000003,0.4,463.7191800000003,33
WCET,Comm,463.7191800000003,0.3,464.0191800000003,33
WCET,Image,476.9472400000002,0.1345999999999847,477.08184000000017,34
WCET,Control,477.08184000000017,0.4,477.48184000000015,34
WCET,Comm,477.48184000000015,0.3,477.78184000000016,34
WCET,Image,490.9751000000002,0.1340999999999148,491.10920000000016,35
WCET,Control,491.10920000000016,0.4,491.50920000000013,35
WCET,Comm,491.50920000000013,0.3,491.80920000000015,35
WCET,Image,505.0029600000002,0.4186999999999941,505.4216600000002,36
WCET,Control,505.4216600000002,0.4,505.8216600000002,36
WCET,Comm,505.8216600000002,0.3,506.1216600000002,36
WCET,Image,519.0308200000002,0.413600000000125,519.4444200000003,37
WCET,Control,519.4444200000003,0.4,519.8444200000002,37
WCET,Comm,519.8444200000002,0.3,520.1444200000002,37
WCET,Image,533.0586800000002,0.1314999999999511,533.1901800000002,38
WCET,Control,533.1901800000002,0.4,533.5901800000001,38
WCET,Comm,533.5901800000001,0.3,533.8901800000001,38
WCET,Image,547.0865400000002,0.1314000000001147,547.2179400000003,39
WCET,Control,547.2179400000003,0.4,547.6179400000003,39
WCET,Comm,547.6179400000003,0.3,547.9179400000003,39
WCET,Image,561.1144000000003,0.4142000000000312,561.5286000000003,40
WCET,Control,561.5286000000003,0.4,561.9286000000003,40
WCET,Comm,561.9286000000003,0.3,562.2286000000003,40
WCET,Image,575.1422600000002,0.4167999999999949,575.5590600000002,41
WCET,Control,575.5590600000002,0.4,575.9590600000001,41
WCET,Comm,575.9590600000001,0.3,576.2590600000001,41
WCET,Image,589.1701200000002,0.4116000000000674,589.5817200000002,42
WCET,Control,589.5817200000002,0.4,589.9817200000002,42
WCET,Comm,589.9817200000002,0.3,590.2817200000002,42
WCET,Image,603.1979800000003,0.5052999999999308,603.7032800000002,43
WCET,Control,603.7032800000002,0.4,604.1032800000002,43
WCET,Comm,604.1032800000002,0.3,604.4032800000001,43
WCET,Image,617.2258400000003,0.13440000000009,617.3602400000004,44
WCET,Control,617.3602400000004,0.4,617.7602400000004,44
WCET,Comm,617.7602400000004,0.3,618.0602400000004,44
WCET,Image,631.2537000000002,0.5854000000000692,631.8391000000003,45
WCET,Control,631.8391000000003,0.4,632.2391000000002,45
WCET,Comm,632.2391000000002,0.3,632.5391000000002,45
WCET,Image,645.2815600000002,0.4051000000000471,645.6866600000003,46
WCET,Control,645.6866600000003,0.4,646.0866600000003,46
WCET,Comm,646.0866600000003,0.3,646.3866600000002,46
WCET,Image,659.3094200000003,0.4140999999999728,659.7235200000002,47
WCET,Control,659.7235200000002,0.4,660.1235200000002,47
WCET,Comm,660.1235200000002,0.3,660.4235200000002,47
WCET,Image,673.3372800000003,0.1304999999998113,673.4677800000001,48
WCET,Control,673.4677800000001,0.4,673.86778,48
WCET,Comm,673.86778,0.3,674.16778,48
WCET,Image,687.3651400000003,0.1446999999998865,687.5098400000002,49
WCET,Control,687.5098400000002,0.4,687.9098400000001,49
WCET,Comm,687.9098400000001,0.3,688.2098400000001,49
WCET,Image,701.3930000000003,0.4083000000001391,701.8013000000004,50
WCET,Control,701.8013000000004,0.4,702.2013000000004,50
WCET,Comm,702.2013000000004,0.3,702.5013000000004,50
WCET,Image,715.4208600000003,0.7789000000000268,716.1997600000003,51
WCET,Control,716.1997600000003,0.4,716.5997600000003,51
WCET,Comm,716.5997600000003,0.3,716.8997600000002,51
WCET,Image,729.4487200000003,0.4151000000001126,729.8638200000005,52
WCET,Control,729.8638200000005,0.4,730.2638200000005,52
WCET,Comm,730.2638200000005,0.3,730.5638200000004,52
WCET,Image,743.4765800000004,0.4177000000000763,743.8942800000004,53
WCET,Control,743.8942800000004,0.4,744.2942800000004,53
WCET,Comm,744.2942800000004,0.3,744.5942800000004,53
WCET,Image,757.5044400000003,0.4148000000001595,757.9192400000004,54
WCET,Control,757.9192400000004,0.4,758.3192400000004,54
WCET,Comm,758.3192400000004,0.3,758.6192400000003,54
WCET,Image,771.5323000000003,0.1645000000001228,771.6968000000004,55
WCET,Control,771.6968000000004,0.4,772.0968000000004,55
WCET,Comm,772.0968000000004,0.3,772.3968000000003,55
WCET,Image,785.5601600000003,0.4200999999999233,785.9802600000003,56
WCET,Control,785.9802600000003,0.4,786.3802600000002,56
WCET,Comm,786.3802600000002,0.3,786.6802600000002,56
WCET,Image,799.5880200000004,0.4128999999999383,800.0009200000003,57
WCET,Control,800.0009200000003,0.4,800.4009200000003,57
WCET,Comm,800.4009200000003,0.3,800.7009200000002,57
WCET,Image,813.6158800000003,0.4306000000000587,814.0464800000003,58
WCET,Control,814.0464800000003,0.4,814.4464800000003,58
WCET,Comm,814.4464800000003,0.3,814.7464800000002,58
WCET,Image,827.6437400000003,0.1282000000000227,827.7719400000003,59
WCET,Control,827.7719400000003,0.4,828.1719400000003,59
WCET,Comm,828.1719400000003,0.3,828.4719400000002,59
WCET,Image,841.6716000000004,12.752600000000005,854.4242000000004,60
WCET,Control,854.4242000000004,0.4,854.8242000000004,60
WCET,Comm,854.8242000000004,0.3,855.1242000000003,60
WCET,Image,855.6994600000004,7.669600000000054,863.3690600000004,61
WCET,Control,863.3690600000004,0.4,863.7690600000004,61
WCET,Comm,863.7690600000004,0.3,864.0690600000004,61
WCET,Image,869.7273200000003,8.009799999999956,877.7371200000002,62
WCET,Control,877.7371200000002,0.4,878.1371200000002,62
WCET,Comm,878.1371200000002,0.3,878.4371200000002,62
WCET,Image,883.7551800000003,7.793300000000114,891.5484800000005,63
WCET,Control,891.5484800000005,0.4,891.9484800000005,63
WCET,Comm,891.9484800000005,0.3,892.2484800000004,63
WCET,Image,897.7830400000004,7.538099999999881,905.3211400000002,64
WCET,Control,905.3211400000002,0.4,905.7211400000002,64
WCET,Comm,905.7211400000002,0.3,906.0211400000002,64
WCET,Image,911.8109000000004,7.789000000000046,919.5999000000005,65
WCET,Control,919.5999000000005,0.4,919.9999000000005,65
WCET,Comm,919.9999000000005,0.3,920.2999000000004,65
WCET,Image,925.8387600000004,7.787899999999848,933.6266600000002,66
WCET,Control,933.6266600000002,0.4,934.0266600000002,66
WCET,Comm,934.0266600000002,0.3,934.3266600000002,66
WCET,Image,939.8666200000004,8.03799999999999,947.9046200000004,67
WCET,Control,947.9046200000004,0.4,948.3046200000003,67
WCET,Comm,948.3046200000003,0.3,948.6046200000003,67
WCET,Image,953.8944800000004,7.72930000000005,961.6237800000005,68
WCET,Control,961.6237800000005,0.4,962.0237800000004,68
WCET,Comm,962.0237800000004,0.3,962.3237800000004,68
WCET,Image,967.9223400000004,7.744999999999891,975.6673400000003,69
WCET,Control,975.6673400000003,0.4,976.0673400000003,69
WCET,Comm,976.0673400000003,0.3,976.3673400000002,69
WCET,Image,981.9502000000005,8.007799999999898,989.9580000000003,70
WCET,Control,989.9580000000003,0.4,990.3580000000003,70
WCET,Comm,990.3580000000003,0.3,990.6580000000002,70
WCET,Image,995.9780600000004,8.749300000000293,1004.7273600000007,71
WCET,Control,1004.7273600000007,0.4,1005.1273600000006,71
WCET,Comm,1005.1273600000006,0.3,1005.4273600000006,71
WCET,Image,1010.0059200000004,7.735499999999895,1017.7414200000003,72
WCET,Control,1017.7414200000003,0.4,1018.1414200000003,72
WCET,Comm,1018.1414200000003,0.3,1018.4414200000002,72
WCET,Image,1024.0337800000004,7.857399999999792,1031.8911800000003,73
WCET,Control,1031.8911800000003,0.4,1032.2911800000004,73
WCET,Comm,1032.2911800000004,0.3,1032.5911800000003,73
WCET,Image,1038.0616400000004,7.661899999999999,1045.7235400000004,74
WCET,Control,1045.7235400000004,0.4,1046.1235400000005,74
WCET,Comm,1046.1235400000005,0.3,1046.4235400000005,74
WCET,Image,1052.0895000000005,7.795999999999914,1059.8855000000003,75
WCET,Control,1059.8855000000003,0.4,1060.2855000000004,75
WCET,Comm,1060.2855000000004,0.3,1060.5855000000004,75
WCET,Image,1066.1173600000004,7.579799999999803,1073.6971600000002,76
WCET,Control,1073.6971600000002,0.4,1074.0971600000003,76
WCET,Comm,1074.0971600000003,0.3,1074.3971600000002,76
WCET,Image,1080.1452200000003,7.70570000000026,1087.8509200000005,77
WCET,Control,1087.8509200000005,0.4,1088.2509200000006,77
WCET,Comm,1088.2509200000006,0.3,1088.5509200000006,77
WCET,Image,1094.1730800000005,7.597699999999818,1101.7707800000003,78
WCET,Control,1101.7707800000003,0.4,1102.1707800000004,78
WCET,Comm,1102.1707800000004,0.3,1102.4707800000003,78
WCET,Image,1108.2009400000004,7.918399999999881,1116.1193400000002,79
WCET,Control,1116.1193400000002,0.4,1116.5193400000003,79
WCET,Comm,1116.5193400000003,0.3,1116.8193400000002,79
WCET,Image,1122.2288000000005,7.799900000000193,1130.0287000000008,80
WCET,Control,1130.0287000000008,0.4,1130.4287000000008,80
WCET,Comm,1130.4287000000008,0.3,1130.7287000000008,80
WCET,Image,1136.2566600000005,7.565900000000347,1143.8225600000007,81
WCET,Control,1143.8225600000007,0.4,1144.2225600000008,81
WCET,Comm,1144.2225600000008,0.3,1144.5225600000008,81
WCET,Image,1150.2845200000004,7.848999999999773,1158.13352,82
WCET,Control,1158.13352,0.4,1158.5335200000002,82
WCET,Comm,1158.5335200000002,0.3,1158.8335200000001,82
WCET,Image,1164.3123800000005,7.82050000000023,1172.1328800000008,83
WCET,Control,1172.1328800000008,0.4,1172.532880000001,83
WCET,Comm,1172.532880000001,0.3,1172.8328800000008,83
WCET,Image,1178.3402400000004,7.900999999999936,1186.2412400000003,84
WCET,Control,1186.2412400000003,0.4,1186.6412400000004,84
WCET,Comm,1186.6412400000004,0.3,1186.9412400000003,84
WCET,Image,1192.3681000000006,7.802199999999981,1200.1703000000007,85
WCET,Control,1200.1703000000007,0.4,1200.5703000000008,85
WCET,Comm,1200.5703000000008,0.3,1200.8703000000007,85
WCET,Image,1206.3959600000005,8.40609999999975,1214.8020600000002,86
WCET,Control,1214.8020600000002,0.4,1215.2020600000003,86
WCET,Comm,1215.2020600000003,0.3,1215.5020600000003,86
WCET,Image,1220.4238200000004,7.820199999999833,1228.2440200000003,87
WCET,Control,1228.2440200000003,0.4,1228.6440200000004,87
WCET,Comm,1228.6440200000004,0.3,1228.9440200000004,87
WCET,Image,1234.4516800000006,7.671100000000042,1242.1227800000006,88
WCET,Control,1242.1227800000006,0.4,1242.5227800000007,88
WCET,Comm,1242.5227800000007,0.3,1242.8227800000006,88
WCET,Image,1248.4795400000005,7.777799999999946,1256.2573400000003,89
WCET,Control,1256.2573400000003,0.4,1256.6573400000004,89
WCET,Comm,1256.6573400000004,0.3,1256.9573400000004,89
WCET,Image,1262.5074000000004,7.824600000000181,1270.3320000000006,90
WCET,Control,1270.3320000000006,0.4,1270.7320000000007,90
WCET,Comm,1270.7320000000007,0.3,1271.0320000000006,90
WCET,Image,1276.5352600000006,8.394800000000036,1284.9300600000006,91
WCET,Control,1284.9300600000006,0.4,1285.3300600000007,91
WCET,Comm,1285.3300600000007,0.3,1285.6300600000006,91
WCET,Image,1290.5631200000005,7.822299999999949,1298.3854200000005,92
WCET,Control,1298.3854200000005,0.4,1298.7854200000006,92
WCET,Comm,1298.7854200000006,0.3,1299.0854200000006,92
WCET,Image,1304.5909800000006,7.914099999999813,1312.5050800000004,93
WCET,Control,1312.5050800000004,0.4,1312.9050800000005,93
WCET,Comm,1312.9050800000005,0.3,1313.2050800000004,93
WCET,Image,1318.6188400000005,7.883599999999991,1326.5024400000004,94
WCET,Control,1326.5024400000004,0.4,1326.9024400000005,94
WCET,Comm,1326.9024400000005,0.3,1327.2024400000005,94
WCET,Image,1332.6467000000005,7.763800000000209,1340.4105000000006,95
WCET,Control,1340.4105000000006,0.4,1340.8105000000007,95
WCET,Comm,1340.8105000000007,0.3,1341.1105000000007,95
WCET,Image,1346.6745600000006,7.95749999999984,1354.6320600000004,96
WCET,Control,1354.6320600000004,0.4,1355.0320600000005,96
WCET,Comm,1355.0320600000005,0.3,1355.3320600000004,96
WCET,Image,1360.7024200000005,7.614000000000232,1368.3164200000008,97
WCET,Control,1368.3164200000008,0.4,1368.7164200000009,97
WCET,Comm,1368.7164200000009,0.3,1369.0164200000008,97
WCET,Image,1374.7302800000007,7.944699999999916,1382.6749800000007,98
WCET,Control,1382.6749800000007,0.4,1383.0749800000008,98
WCET,Comm,1383.0749800000008,0.3,1383.3749800000007,98
WCET,Image,1388.7581400000006,7.590699999999728,1396.3488400000003,99
WCET,Control,1396.3488400000003,0.4,1396.7488400000004,99
WCET,Comm,1396.7488400000004,0.3,1397.0488400000004,99
WCET,Image,1402.7860000000005,7.64710000000024,1410.4331000000006,100
WCET,Control,1410.4331000000006,0.4,1410.8331000000007,100
WCET,Comm,1410.8331000000007,0.3,1411.1331000000007,100
WCET,Image,1416.8138600000007,7.823899999999995,1424.6377600000008,101
WCET,Control,1424.6377600000008,0.4,1425.0377600000008,101
WCET,Comm,1425.0377600000008,0.3,1425.3377600000008,101
WCET,Image,1430.8417200000006,7.689999999999753,1438.5317200000004,102
WCET,Control,1438.5317200000004,0.4,1438.9317200000005,102
WCET,Comm,1438.9317200000005,0.3,1439.2317200000005,102
WCET,Image,1444.8695800000005,7.953399999999888,1452.8229800000004,103
WCET,Control,1452.8229800000004,0.4,1453.2229800000005,103
WCET,Comm,1453.2229800000005,0.3,1453.5229800000004,103
WCET,Image,1458.8974400000006,7.847400000000171,1466.7448400000007,104
WCET,Control,1466.7448400000007,0.4,1467.1448400000008,104
WCET,Comm,1467.1448400000008,0.3,1467.4448400000008,104
WCET,Image,1472.9253000000006,7.626899999999992,1480.5522000000005,105
WCET,Control,1480.5522000000005,0.4,1480.9522000000006,105
WCET,Comm,1480.9522000000006,0.3,1481.2522000000006,105
WCET,Image,1486.9531600000007,8.105500000000099,1495.0586600000008,106
WCET,Control,1495.0586600000008,0.4,1495.458660000001,106
WCET,Comm,1495.458660000001,0.3,1495.7586600000009,106
WCET,Image,1500.9810200000006,7.6032999999999795,1508.5843200000006,107
WCET,Control,1508.5843200000006,0.4,1508.9843200000007,107
WCET,Comm,1508.9843200000007,0.3,1509.2843200000007,107
WCET,Image,1515.0088800000005,7.98539999999992,1522.9942800000006,108
WCET,Control,1522.9942800000006,0.4,1523.3942800000007,108
WCET,Comm,1523.3942800000007,0.3,1523.6942800000006,108
WCET,Image,1529.0367400000007,7.7449000000000545,1536.7816400000008,109
WCET,Control,1536.7816400000008,0.4,1537.181640000001,109
WCET,Comm,1537.181640000001,0.3,1537.4816400000009,109
WCET,Image,1543.0646000000006,8.158599999999794,1551.2232000000004,110
WCET,Control,1551.2232000000004,0.4,1551.6232000000005,110
WCET,Comm,1551.6232000000005,0.3,1551.9232000000004,110
WCET,Image,1557.0924600000005,7.640299999999822,1564.7327600000003,111
WCET,Control,1564.7327600000003,0.4,1565.1327600000004,111
WCET,Comm,1565.1327600000004,0.3,1565.4327600000004,111
WCET,Image,1571.1203200000007,7.768599999999903,1578.8889200000006,112
WCET,Control,1578.8889200000006,0.4,1579.2889200000006,112
WCET,Comm,1579.2889200000006,0.3,1579.5889200000006,112
WCET,Image,1585.1481800000006,7.737999999999801,1592.8861800000004,113
WCET,Control,1592.8861800000004,0.4,1593.2861800000005,113
WCET,Comm,1593.2861800000005,0.3,1593.5861800000005,113
WCET,Image,1599.1760400000007,7.82689999999997,1607.0029400000008,114
WCET,Control,1607.0029400000008,0.4,1607.4029400000009,114
WCET,Comm,1607.4029400000009,0.3,1607.7029400000008,114
WCET,Image,1613.2039000000007,8.012200000000025,1621.2161000000008,115
WCET,Control,1621.2161000000008,0.4,1621.6161000000009,115
WCET,Comm,1621.6161000000009,0.3,1621.9161000000008,115
WCET,Image,1627.2317600000006,7.606700000000188,1634.8384600000009,116
WCET,Control,1634.8384600000009,0.4,1635.238460000001,116
WCET,Comm,1635.238460000001,0.3,1635.538460000001,116
WCET,Image,1641.2596200000007,7.541899999999657,1648.8015200000004,117
WCET,Control,1648.8015200000004,0.4,1649.2015200000005,117
WCET,Comm,1649.2015200000005,0.3,1649.5015200000005,117
WCET,Image,1655.2874800000006,7.714299999999952,1663.0017800000005,118
WCET,Control,1663.0017800000005,0.4,1663.4017800000006,118
WCET,Comm,1663.4017800000006,0.3,1663.7017800000006,118
WCET,Image,1669.3153400000008,7.798899999999609,1677.1142400000003,119
WCET,Control,1677.1142400000003,0.4,1677.5142400000004,119
WCET,Comm,1677.5142400000004,0.3,1677.8142400000004,119
CBSInspired,Image budget,0.0,0.2482999999999791,0.2482999999999791,0
CBSInspired,Control,0.2482999999999791,0.4,0.6482999999999791,0
CBSInspired,Comm,0.6482999999999791,0.3,0.948299999999979,0
CBSInspired,Image budget,2.0,0.1257999999999537,2.1257999999999537,1
CBSInspired,Control,2.1257999999999537,0.4,2.5257999999999536,1
CBSInspired,Comm,2.5257999999999536,0.3,2.8257999999999535,1
CBSInspired,Image budget,4.0,0.1324000000000325,4.1324000000000325,2
CBSInspired,Control,4.1324000000000325,0.4,4.532400000000033,2
CBSInspired,Comm,4.532400000000033,0.3,4.832400000000033,2
CBSInspired,Image budget,6.0,0.1508999999999538,6.150899999999954,3
CBSInspired,Control,6.150899999999954,0.4,6.550899999999954,3
CBSInspired,Comm,6.550899999999954,0.3,6.850899999999954,3
CBSInspired,Image budget,8.0,0.2301000000000108,8.23010000000001,4
CBSInspired,Control,8.23010000000001,0.4,8.630100000000011,4
CBSInspired,Comm,8.630100000000011,0.3,8.930100000000012,4
CBSInspired,Image budget,10.0,0.1412000000000635,10.141200000000063,5
CBSInspired,Control,10.141200000000063,0.4,10.541200000000064,5
CBSInspired,Comm,10.541200000000064,0.3,10.841200000000065,5
CBSInspired,Image budget,12.0,0.1387999999999944,12.138799999999994,6
CBSInspired,Control,12.138799999999994,0.4,12.538799999999995,6
CBSInspired,Comm,12.538799999999995,0.3,12.838799999999996,6
CBSInspired,Image budget,14.0,0.1316000000000095,14.13160000000001,7
CBSInspired,Control,14.13160000000001,0.4,14.53160000000001,7
CBSInspired,Comm,14.53160000000001,0.3,14.83160000000001,7
CBSInspired,Image budget,16.0,0.1339000000000201,16.13390000000002,8
CBSInspired,Control,16.13390000000002,0.4,16.533900000000017,8
CBSInspired,Comm,16.533900000000017,0.3,16.833900000000018,8
CBSInspired,Image budget,18.0,0.1749999999999252,18.174999999999926,9
CBSInspired,Control,18.174999999999926,0.4,18.574999999999925,9
CBSInspired,Comm,18.574999999999925,0.3,18.874999999999925,9
CBSInspired,Image budget,20.0,0.1366999999999896,20.13669999999999,10
CBSInspired,Control,20.13669999999999,0.4,20.53669999999999,10
CBSInspired,Comm,20.53669999999999,0.3,20.83669999999999,10
CBSInspired,Image budget,22.0,0.1354999999999551,22.135499999999954,11
CBSInspired,Control,22.135499999999954,0.4,22.535499999999953,11
CBSInspired,Comm,22.535499999999953,0.3,22.835499999999954,11
CBSInspired,Image budget,24.0,0.1394999999999591,24.13949999999996,12
CBSInspired,Control,24.13949999999996,0.4,24.539499999999958,12
CBSInspired,Comm,24.539499999999958,0.3,24.83949999999996,12
CBSInspired,Image budget,26.0,0.1293999999999462,26.129399999999947,13
CBSInspired,Control,26.129399999999947,0.4,26.529399999999946,13
CBSInspired,Comm,26.529399999999946,0.3,26.829399999999946,13
CBSInspired,Image budget,28.0,0.1554000000000277,28.15540000000003,14
CBSInspired,Control,28.15540000000003,0.4,28.555400000000027,14
CBSInspired,Comm,28.555400000000027,0.3,28.855400000000028,14
CBSInspired,Image budget,30.0,0.1325000000000908,30.13250000000009,15
CBSInspired,Control,30.13250000000009,0.4,30.532500000000088,15
CBSInspired,Comm,30.532500000000088,0.3,30.83250000000009,15
CBSInspired,Image budget,32.0,0.1362000000000307,32.13620000000003,16
CBSInspired,Control,32.13620000000003,0.4,32.53620000000003,16
CBSInspired,Comm,32.53620000000003,0.3,32.83620000000003,16
CBSInspired,Image budget,34.0,0.1358000000000192,34.13580000000002,17
CBSInspired,Control,34.13580000000002,0.4,34.535800000000016,17
CBSInspired,Comm,34.535800000000016,0.3,34.83580000000001,17
CBSInspired,Image budget,36.0,0.1588000000000144,36.158800000000014,18
CBSInspired,Control,36.158800000000014,0.4,36.55880000000001,18
CBSInspired,Comm,36.55880000000001,0.3,36.85880000000001,18
CBSInspired,Image budget,38.0,0.136000000000025,38.136000000000024,19
CBSInspired,Control,38.136000000000024,0.4,38.53600000000002,19
CBSInspired,Comm,38.53600000000002,0.3,38.83600000000002,19
CBSInspired,Image budget,40.0,0.1327999999999329,40.13279999999993,20
CBSInspired,Control,40.13279999999993,0.4,40.53279999999993,20
CBSInspired,Comm,40.53279999999993,0.3,40.83279999999993,20
CBSInspired,Image budget,42.0,0.1377000000000183,42.13770000000002,21
CBSInspired,Control,42.13770000000002,0.4,42.537700000000015,21
CBSInspired,Comm,42.537700000000015,0.3,42.83770000000001,21
CBSInspired,Image budget,44.0,0.1323000000000851,44.132300000000086,22
CBSInspired,Control,44.132300000000086,0.4,44.532300000000085,22
CBSInspired,Comm,44.532300000000085,0.3,44.83230000000008,22
CBSInspired,Image budget,46.0,0.1347999999999904,46.13479999999999,23
CBSInspired,Control,46.13479999999999,0.4,46.53479999999999,23
CBSInspired,Comm,46.53479999999999,0.3,46.83479999999999,23
CBSInspired,Image budget,48.0,0.1942999999999806,48.194299999999984,24
CBSInspired,Control,48.194299999999984,0.4,48.59429999999998,24
CBSInspired,Comm,48.59429999999998,0.3,48.89429999999998,24
CBSInspired,Image budget,50.0,0.1375000000000126,50.13750000000001,25
CBSInspired,Control,50.13750000000001,0.4,50.53750000000001,25
CBSInspired,Comm,50.53750000000001,0.3,50.837500000000006,25
CBSInspired,Image budget,52.0,0.1364000000001475,52.136400000000144,26
CBSInspired,Control,52.136400000000144,0.4,52.53640000000014,26
CBSInspired,Comm,52.53640000000014,0.3,52.83640000000014,26
CBSInspired,Image budget,54.0,0.1342999999998095,54.13429999999981,27
CBSInspired,Control,54.13429999999981,0.4,54.53429999999981,27
CBSInspired,Comm,54.53429999999981,0.3,54.83429999999981,27
CBSInspired,Image budget,56.0,0.1335000000000086,56.13350000000001,28
CBSInspired,Control,56.13350000000001,0.4,56.53350000000001,28
CBSInspired,Comm,56.53350000000001,0.3,56.83350000000001,28
CBSInspired,Image budget,58.0,0.1516999999999768,58.15169999999998,29
CBSInspired,Control,58.15169999999998,0.4,58.551699999999975,29
CBSInspired,Comm,58.551699999999975,0.3,58.85169999999997,29
CBSInspired,Image budget,60.0,0.1378999999999131,60.13789999999992,30
CBSInspired,Control,60.13789999999992,0.4,60.537899999999915,30
CBSInspired,Comm,60.537899999999915,0.3,60.83789999999991,30
CBSInspired,Image budget,62.0,0.5,62.5,31
CBSInspired,Control,62.5,0.4,62.9,31
CBSInspired,Comm,62.9,0.3,63.199999999999996,31
CBSInspired,Image overrun,63.199999999999996,0.04500000000001769,63.24500000000001,31
CBSInspired,Image budget,64.0,0.4469999999998642,64.44699999999986,32
CBSInspired,Control,64.44699999999986,0.4,64.84699999999987,32
CBSInspired,Comm,64.84699999999987,0.3,65.14699999999986,32
CBSInspired,Image budget,66.0,0.3998000000000612,66.39980000000006,33
CBSInspired,Control,66.39980000000006,0.4,66.79980000000006,33
CBSInspired,Comm,66.79980000000006,0.3,67.09980000000006,33
CBSInspired,Image budget,68.0,0.1345999999999847,68.13459999999998,34
CBSInspired,Control,68.13459999999998,0.4,68.53459999999998,34
CBSInspired,Comm,68.53459999999998,0.3,68.83459999999998,34
CBSInspired,Image budget,70.0,0.1340999999999148,70.13409999999992,35
CBSInspired,Control,70.13409999999992,0.4,70.53409999999992,35
CBSInspired,Comm,70.53409999999992,0.3,70.83409999999992,35
CBSInspired,Image budget,72.0,0.4186999999999941,72.4187,36
CBSInspired,Control,72.4187,0.4,72.8187,36
CBSInspired,Comm,72.8187,0.3,73.1187,36
CBSInspired,Image budget,74.0,0.413600000000125,74.41360000000013,37
CBSInspired,Control,74.41360000000013,0.4,74.81360000000014,37
CBSInspired,Comm,74.81360000000014,0.3,75.11360000000013,37
CBSInspired,Image budget,76.0,0.1314999999999511,76.13149999999995,38
CBSInspired,Control,76.13149999999995,0.4,76.53149999999995,38
CBSInspired,Comm,76.53149999999995,0.3,76.83149999999995,38
CBSInspired,Image budget,78.0,0.1314000000001147,78.13140000000011,39
CBSInspired,Control,78.13140000000011,0.4,78.53140000000012,39
CBSInspired,Comm,78.53140000000012,0.3,78.83140000000012,39
CBSInspired,Image budget,80.0,0.4142000000000312,80.41420000000004,40
CBSInspired,Control,80.41420000000004,0.4,80.81420000000004,40
CBSInspired,Comm,80.81420000000004,0.3,81.11420000000004,40
CBSInspired,Image budget,82.0,0.4167999999999949,82.4168,41
CBSInspired,Control,82.4168,0.4,82.8168,41
CBSInspired,Comm,82.8168,0.3,83.1168,41
CBSInspired,Image budget,84.0,0.4116000000000674,84.41160000000006,42
CBSInspired,Control,84.41160000000006,0.4,84.81160000000007,42
CBSInspired,Comm,84.81160000000007,0.3,85.11160000000007,42
CBSInspired,Image budget,86.0,0.5,86.5,43
CBSInspired,Control,86.5,0.4,86.9,43
CBSInspired,Comm,86.9,0.3,87.2,43
CBSInspired,Image overrun,87.2,0.0052999999999308045,87.20529999999994,43
CBSInspired,Image budget,88.0,0.13440000000009,88.13440000000008,44
CBSInspired,Control,88.13440000000008,0.4,88.53440000000009,44
CBSInspired,Comm,88.53440000000009,0.3,88.83440000000009,44
CBSInspired,Image budget,90.0,0.5,90.5,45
CBSInspired,Control,90.5,0.4,90.9,45
CBSInspired,Comm,90.9,0.3,91.2,45
CBSInspired,Image overrun,91.2,0.0854000000000692,91.28540000000007,45
CBSInspired,Image budget,92.0,0.4051000000000471,92.40510000000005,46
CBSInspired,Control,92.40510000000005,0.4,92.80510000000005,46
CBSInspired,Comm,92.80510000000005,0.3,93.10510000000005,46
CBSInspired,Image budget,94.0,0.4140999999999728,94.41409999999998,47
CBSInspired,Control,94.41409999999998,0.4,94.81409999999998,47
CBSInspired,Comm,94.81409999999998,0.3,95.11409999999998,47
CBSInspired,Image budget,96.0,0.1304999999998113,96.13049999999981,48
CBSInspired,Control,96.13049999999981,0.4,96.53049999999982,48
CBSInspired,Comm,96.53049999999982,0.3,96.83049999999982,48
CBSInspired,Image budget,98.0,0.1446999999998865,98.14469999999989,49
CBSInspired,Control,98.14469999999989,0.4,98.54469999999989,49
CBSInspired,Comm,98.54469999999989,0.3,98.84469999999989,49
CBSInspired,Image budget,100.0,0.4083000000001391,100.40830000000014,50
CBSInspired,Control,100.40830000000014,0.4,100.80830000000014,50
CBSInspired,Comm,100.80830000000014,0.3,101.10830000000014,50
CBSInspired,Image budget,102.0,0.5,102.5,51
CBSInspired,Control,102.5,0.4,102.9,51
CBSInspired,Comm,102.9,0.3,103.2,51
CBSInspired,Image overrun,103.2,0.2789000000000268,103.47890000000002,51
CBSInspired,Image budget,104.0,0.4151000000001126,104.41510000000011,52
CBSInspired,Control,104.41510000000011,0.4,104.81510000000011,52
CBSInspired,Comm,104.81510000000011,0.3,105.11510000000011,52
CBSInspired,Image budget,106.0,0.4177000000000763,106.41770000000008,53
CBSInspired,Control,106.41770000000008,0.4,106.81770000000009,53
CBSInspired,Comm,106.81770000000009,0.3,107.11770000000008,53
CBSInspired,Image budget,108.0,0.4148000000001595,108.41480000000016,54
CBSInspired,Control,108.41480000000016,0.4,108.81480000000016,54
CBSInspired,Comm,108.81480000000016,0.3,109.11480000000016,54
CBSInspired,Image budget,110.0,0.1645000000001228,110.16450000000012,55
CBSInspired,Control,110.16450000000012,0.4,110.56450000000012,55
CBSInspired,Comm,110.56450000000012,0.3,110.86450000000012,55
CBSInspired,Image budget,112.0,0.4200999999999233,112.42009999999992,56
CBSInspired,Control,112.42009999999992,0.4,112.82009999999993,56
CBSInspired,Comm,112.82009999999993,0.3,113.12009999999992,56
CBSInspired,Image budget,114.0,0.4128999999999383,114.41289999999994,57
CBSInspired,Control,114.41289999999994,0.4,114.81289999999994,57
CBSInspired,Comm,114.81289999999994,0.3,115.11289999999994,57
CBSInspired,Image budget,116.0,0.4306000000000587,116.43060000000006,58
CBSInspired,Control,116.43060000000006,0.4,116.83060000000006,58
CBSInspired,Comm,116.83060000000006,0.3,117.13060000000006,58
CBSInspired,Image budget,118.0,0.1282000000000227,118.12820000000002,59
CBSInspired,Control,118.12820000000002,0.4,118.52820000000003,59
CBSInspired,Comm,118.52820000000003,0.3,118.82820000000002,59
CBSInspired,Image budget,120.0,0.5,120.5,60
CBSInspired,Control,120.5,0.4,120.9,60
CBSInspired,Comm,120.9,0.3,121.2,60
CBSInspired,Image overrun,121.2,12.252600000000005,133.45260000000002,60
CBSInspired,Image budget,122.0,0.5,122.5,61
CBSInspired,Control,122.5,0.4,122.9,61
CBSInspired,Comm,122.9,0.3,123.2,61
CBSInspired,Image overrun,123.2,7.169600000000054,130.36960000000005,61
CBSInspired,Image budget,124.0,0.5,124.5,62
CBSInspired,Control,124.5,0.4,124.9,62
CBSInspired,Comm,124.9,0.3,125.2,62
CBSInspired,Image overrun,125.2,7.509799999999956,132.70979999999997,62
CBSInspired,Image budget,126.0,0.5,126.5,63
CBSInspired,Control,126.5,0.4,126.9,63
CBSInspired,Comm,126.9,0.3,127.2,63
CBSInspired,Image overrun,127.2,7.293300000000114,134.49330000000012,63
CBSInspired,Image budget,128.0,0.5,128.5,64
CBSInspired,Control,128.5,0.4,128.9,64
CBSInspired,Comm,128.9,0.3,129.20000000000002,64
CBSInspired,Image overrun,129.20000000000002,7.038099999999881,136.2380999999999,64
CBSInspired,Image budget,130.0,0.5,130.5,65
CBSInspired,Control,130.5,0.4,130.9,65
CBSInspired,Comm,130.9,0.3,131.20000000000002,65
CBSInspired,Image overrun,131.20000000000002,7.289000000000046,138.48900000000006,65
CBSInspired,Image budget,132.0,0.5,132.5,66
CBSInspired,Control,132.5,0.4,132.9,66
CBSInspired,Comm,132.9,0.3,133.20000000000002,66
CBSInspired,Image overrun,133.20000000000002,7.287899999999848,140.48789999999985,66
CBSInspired,Image budget,134.0,0.5,134.5,67
CBSInspired,Control,134.5,0.4,134.9,67
CBSInspired,Comm,134.9,0.3,135.20000000000002,67
CBSInspired,Image overrun,135.20000000000002,7.53799999999999,142.738,67
CBSInspired,Image budget,136.0,0.5,136.5,68
CBSInspired,Control,136.5,0.4,136.9,68
CBSInspired,Comm,136.9,0.3,137.20000000000002,68
CBSInspired,Image overrun,137.20000000000002,7.22930000000005,144.42930000000007,68
CBSInspired,Image budget,138.0,0.5,138.5,69
CBSInspired,Control,138.5,0.4,138.9,69
CBSInspired,Comm,138.9,0.3,139.20000000000002,69
CBSInspired,Image overrun,139.20000000000002,7.244999999999891,146.4449999999999,69
CBSInspired,Image budget,140.0,0.5,140.5,70
CBSInspired,Control,140.5,0.4,140.9,70
CBSInspired,Comm,140.9,0.3,141.20000000000002,70
CBSInspired,Image overrun,141.20000000000002,7.507799999999898,148.7077999999999,70
CBSInspired,Image budget,142.0,0.5,142.5,71
CBSInspired,Control,142.5,0.4,142.9,71
CBSInspired,Comm,142.9,0.3,143.20000000000002,71
CBSInspired,Image overrun,143.20000000000002,8.249300000000293,151.4493000000003,71
CBSInspired,Image budget,144.0,0.5,144.5,72
CBSInspired,Control,144.5,0.4,144.9,72
CBSInspired,Comm,144.9,0.3,145.20000000000002,72
CBSInspired,Image overrun,145.20000000000002,7.235499999999895,152.4354999999999,72
CBSInspired,Image budget,146.0,0.5,146.5,73
CBSInspired,Control,146.5,0.4,146.9,73
CBSInspired,Comm,146.9,0.3,147.20000000000002,73
CBSInspired,Image overrun,147.20000000000002,7.357399999999792,154.5573999999998,73
CBSInspired,Image budget,148.0,0.5,148.5,74
CBSInspired,Control,148.5,0.4,148.9,74
CBSInspired,Comm,148.9,0.3,149.20000000000002,74
CBSInspired,Image overrun,149.20000000000002,7.161899999999999,156.36190000000002,74
CBSInspired,Image budget,150.0,0.5,150.5,75
CBSInspired,Control,150.5,0.4,150.9,75
CBSInspired,Comm,150.9,0.3,151.20000000000002,75
CBSInspired,Image overrun,151.20000000000002,7.295999999999914,158.49599999999992,75
CBSInspired,Image budget,152.0,0.5,152.5,76
CBSInspired,Control,152.5,0.4,152.9,76
CBSInspired,Comm,152.9,0.3,153.20000000000002,76
CBSInspired,Image overrun,153.20000000000002,7.079799999999803,160.27979999999982,76
CBSInspired,Image budget,154.0,0.5,154.5,77
CBSInspired,Control,154.5,0.4,154.9,77
CBSInspired,Comm,154.9,0.3,155.20000000000002,77
CBSInspired,Image overrun,155.20000000000002,7.20570000000026,162.40570000000028,77
CBSInspired,Image budget,156.0,0.5,156.5,78
CBSInspired,Control,156.5,0.4,156.9,78
CBSInspired,Comm,156.9,0.3,157.20000000000002,78
CBSInspired,Image overrun,157.20000000000002,7.097699999999818,164.29769999999982,78
CBSInspired,Image budget,158.0,0.5,158.5,79
CBSInspired,Control,158.5,0.4,158.9,79
CBSInspired,Comm,158.9,0.3,159.20000000000002,79
CBSInspired,Image overrun,159.20000000000002,7.418399999999881,166.6183999999999,79
CBSInspired,Image budget,160.0,0.5,160.5,80
CBSInspired,Control,160.5,0.4,160.9,80
CBSInspired,Comm,160.9,0.3,161.20000000000002,80
CBSInspired,Image overrun,161.20000000000002,7.299900000000193,168.4999000000002,80
CBSInspired,Image budget,162.0,0.5,162.5,81
CBSInspired,Control,162.5,0.4,162.9,81
CBSInspired,Comm,162.9,0.3,163.20000000000002,81
CBSInspired,Image overrun,163.20000000000002,7.065900000000347,170.26590000000036,81
CBSInspired,Image budget,164.0,0.5,164.5,82
CBSInspired,Control,164.5,0.4,164.9,82
CBSInspired,Comm,164.9,0.3,165.20000000000002,82
CBSInspired,Image overrun,165.20000000000002,7.348999999999773,172.54899999999978,82
CBSInspired,Image budget,166.0,0.5,166.5,83
CBSInspired,Control,166.5,0.4,166.9,83
CBSInspired,Comm,166.9,0.3,167.20000000000002,83
CBSInspired,Image overrun,167.20000000000002,7.32050000000023,174.52050000000025,83
CBSInspired,Image budget,168.0,0.5,168.5,84
CBSInspired,Control,168.5,0.4,168.9,84
CBSInspired,Comm,168.9,0.3,169.20000000000002,84
CBSInspired,Image overrun,169.20000000000002,7.400999999999936,176.60099999999994,84
CBSInspired,Image budget,170.0,0.5,170.5,85
CBSInspired,Control,170.5,0.4,170.9,85
CBSInspired,Comm,170.9,0.3,171.20000000000002,85
CBSInspired,Image overrun,171.20000000000002,7.302199999999981,178.5022,85
CBSInspired,Image budget,172.0,0.5,172.5,86
CBSInspired,Control,172.5,0.4,172.9,86
CBSInspired,Comm,172.9,0.3,173.20000000000002,86
CBSInspired,Image overrun,173.20000000000002,7.90609999999975,181.10609999999977,86
CBSInspired,Image budget,174.0,0.5,174.5,87
CBSInspired,Control,174.5,0.4,174.9,87
CBSInspired,Comm,174.9,0.3,175.20000000000002,87
CBSInspired,Image overrun,175.20000000000002,7.320199999999833,182.52019999999985,87
CBSInspired,Image budget,176.0,0.5,176.5,88
CBSInspired,Control,176.5,0.4,176.9,88
CBSInspired,Comm,176.9,0.3,177.20000000000002,88
CBSInspired,Image overrun,177.20000000000002,7.171100000000042,184.37110000000007,88
CBSInspired,Image budget,178.0,0.5,178.5,89
CBSInspired,Control,178.5,0.4,178.9,89
CBSInspired,Comm,178.9,0.3,179.20000000000002,89
CBSInspired,Image overrun,179.20000000000002,7.277799999999946,186.47779999999997,89
CBSInspired,Image budget,180.0,0.5,180.5,90
CBSInspired,Control,180.5,0.4,180.9,90
CBSInspired,Comm,180.9,0.3,181.20000000000002,90
CBSInspired,Image overrun,181.20000000000002,7.324600000000181,188.5246000000002,90
CBSInspired,Image budget,182.0,0.5,182.5,91
CBSInspired,Control,182.5,0.4,182.9,91
CBSInspired,Comm,182.9,0.3,183.20000000000002,91
CBSInspired,Image overrun,183.20000000000002,7.894800000000036,191.09480000000005,91
CBSInspired,Image budget,184.0,0.5,184.5,92
CBSInspired,Control,184.5,0.4,184.9,92
CBSInspired,Comm,184.9,0.3,185.20000000000002,92
CBSInspired,Image overrun,185.20000000000002,7.322299999999949,192.52229999999997,92
CBSInspired,Image budget,186.0,0.5,186.5,93
CBSInspired,Control,186.5,0.4,186.9,93
CBSInspired,Comm,186.9,0.3,187.20000000000002,93
CBSInspired,Image overrun,187.20000000000002,7.414099999999813,194.61409999999984,93
CBSInspired,Image budget,188.0,0.5,188.5,94
CBSInspired,Control,188.5,0.4,188.9,94
CBSInspired,Comm,188.9,0.3,189.20000000000002,94
CBSInspired,Image overrun,189.20000000000002,7.383599999999991,196.58360000000002,94
CBSInspired,Image budget,190.0,0.5,190.5,95
CBSInspired,Control,190.5,0.4,190.9,95
CBSInspired,Comm,190.9,0.3,191.20000000000002,95
CBSInspired,Image overrun,191.20000000000002,7.263800000000209,198.46380000000022,95
CBSInspired,Image budget,192.0,0.5,192.5,96
CBSInspired,Control,192.5,0.4,192.9,96
CBSInspired,Comm,192.9,0.3,193.20000000000002,96
CBSInspired,Image overrun,193.20000000000002,7.45749999999984,200.65749999999986,96
CBSInspired,Image budget,194.0,0.5,194.5,97
CBSInspired,Control,194.5,0.4,194.9,97
CBSInspired,Comm,194.9,0.3,195.20000000000002,97
CBSInspired,Image overrun,195.20000000000002,7.114000000000232,202.31400000000025,97
CBSInspired,Image budget,196.0,0.5,196.5,98
CBSInspired,Control,196.5,0.4,196.9,98
CBSInspired,Comm,196.9,0.3,197.20000000000002,98
CBSInspired,Image overrun,197.20000000000002,7.444699999999916,204.64469999999994,98
CBSInspired,Image budget,198.0,0.5,198.5,99
CBSInspired,Control,198.5,0.4,198.9,99
CBSInspired,Comm,198.9,0.3,199.20000000000002,99
CBSInspired,Image overrun,199.20000000000002,7.090699999999728,206.29069999999973,99
CBSInspired,Image budget,200.0,0.5,200.5,100
CBSInspired,Control,200.5,0.4,200.9,100
CBSInspired,Comm,200.9,0.3,201.20000000000002,100
CBSInspired,Image overrun,201.20000000000002,7.14710000000024,208.34710000000027,100
CBSInspired,Image budget,202.0,0.5,202.5,101
CBSInspired,Control,202.5,0.4,202.9,101
CBSInspired,Comm,202.9,0.3,203.20000000000002,101
CBSInspired,Image overrun,203.20000000000002,7.323899999999995,210.52390000000003,101
CBSInspired,Image budget,204.0,0.5,204.5,102
CBSInspired,Control,204.5,0.4,204.9,102
CBSInspired,Comm,204.9,0.3,205.20000000000002,102
CBSInspired,Image overrun,205.20000000000002,7.189999999999753,212.38999999999976,102
CBSInspired,Image budget,206.0,0.5,206.5,103
CBSInspired,Control,206.5,0.4,206.9,103
CBSInspired,Comm,206.9,0.3,207.20000000000002,103
CBSInspired,Image overrun,207.20000000000002,7.453399999999888,214.65339999999992,103
CBSInspired,Image budget,208.0,0.5,208.5,104
CBSInspired,Control,208.5,0.4,208.9,104
CBSInspired,Comm,208.9,0.3,209.20000000000002,104
CBSInspired,Image overrun,209.20000000000002,7.347400000000171,216.54740000000018,104
CBSInspired,Image budget,210.0,0.5,210.5,105
CBSInspired,Control,210.5,0.4,210.9,105
CBSInspired,Comm,210.9,0.3,211.20000000000002,105
CBSInspired,Image overrun,211.20000000000002,7.126899999999992,218.32690000000002,105
CBSInspired,Image budget,212.0,0.5,212.5,106
CBSInspired,Control,212.5,0.4,212.9,106
CBSInspired,Comm,212.9,0.3,213.20000000000002,106
CBSInspired,Image overrun,213.20000000000002,7.605500000000099,220.8055000000001,106
CBSInspired,Image budget,214.0,0.5,214.5,107
CBSInspired,Control,214.5,0.4,214.9,107
CBSInspired,Comm,214.9,0.3,215.20000000000002,107
CBSInspired,Image overrun,215.20000000000002,7.1032999999999795,222.3033,107
CBSInspired,Image budget,216.0,0.5,216.5,108
CBSInspired,Control,216.5,0.4,216.9,108
CBSInspired,Comm,216.9,0.3,217.20000000000002,108
CBSInspired,Image overrun,217.20000000000002,7.48539999999992,224.68539999999993,108
CBSInspired,Image budget,218.0,0.5,218.5,109
CBSInspired,Control,218.5,0.4,218.9,109
CBSInspired,Comm,218.9,0.3,219.20000000000002,109
CBSInspired,Image overrun,219.20000000000002,7.2449000000000545,226.44490000000008,109
CBSInspired,Image budget,220.0,0.5,220.5,110
CBSInspired,Control,220.5,0.4,220.9,110
CBSInspired,Comm,220.9,0.3,221.20000000000002,110
CBSInspired,Image overrun,221.20000000000002,7.658599999999794,228.8585999999998,110
CBSInspired,Image budget,222.0,0.5,222.5,111
CBSInspired,Control,222.5,0.4,222.9,111
CBSInspired,Comm,222.9,0.3,223.20000000000002,111
CBSInspired,Image overrun,223.20000000000002,7.140299999999822,230.34029999999984,111
CBSInspired,Image budget,224.0,0.5,224.5,112
CBSInspired,Control,224.5,0.4,224.9,112
CBSInspired,Comm,224.9,0.3,225.20000000000002,112
CBSInspired,Image overrun,225.20000000000002,7.268599999999903,232.46859999999992,112
CBSInspired,Image budget,226.0,0.5,226.5,113
CBSInspired,Control,226.5,0.4,226.9,113
CBSInspired,Comm,226.9,0.3,227.20000000000002,113
CBSInspired,Image overrun,227.20000000000002,7.237999999999801,234.43799999999982,113
CBSInspired,Image budget,228.0,0.5,228.5,114
CBSInspired,Control,228.5,0.4,228.9,114
CBSInspired,Comm,228.9,0.3,229.20000000000002,114
CBSInspired,Image overrun,229.20000000000002,7.32689999999997,236.52689999999998,114
CBSInspired,Image budget,230.0,0.5,230.5,115
CBSInspired,Control,230.5,0.4,230.9,115
CBSInspired,Comm,230.9,0.3,231.20000000000002,115
CBSInspired,Image overrun,231.20000000000002,7.512200000000025,238.71220000000005,115
CBSInspired,Image budget,232.0,0.5,232.5,116
CBSInspired,Control,232.5,0.4,232.9,116
CBSInspired,Comm,232.9,0.3,233.20000000000002,116
CBSInspired,Image overrun,233.20000000000002,7.106700000000188,240.3067000000002,116
CBSInspired,Image budget,234.0,0.5,234.5,117
CBSInspired,Control,234.5,0.4,234.9,117
CBSInspired,Comm,234.9,0.3,235.20000000000002,117
CBSInspired,Image overrun,235.20000000000002,7.041899999999657,242.24189999999967,117
CBSInspired,Image budget,236.0,0.5,236.5,118
CBSInspired,Control,236.5,0.4,236.9,118
CBSInspired,Comm,236.9,0.3,237.20000000000002,118
CBSInspired,Image overrun,237.20000000000002,7.214299999999952,244.41429999999997,118
CBSInspired,Image budget,238.0,0.5,238.5,119
CBSInspired,Control,238.5,0.4,238.9,119
CBSInspired,Comm,238.9,0.3,239.20000000000002,119
CBSInspired,Image overrun,239.20000000000002,7.298899999999609,246.49889999999962,119
CBShdInspired,Image budget,0.0,0.2482999999999791,0.2482999999999791,0
CBShdInspired,Control,0.2482999999999791,0.4,0.6482999999999791,0
CBShdInspired,Comm,0.6482999999999791,0.3,0.948299999999979,0
CBShdInspired,Image budget,2.0,0.1257999999999537,2.1257999999999537,1
CBShdInspired,Control,2.1257999999999537,0.4,2.5257999999999536,1
CBShdInspired,Comm,2.5257999999999536,0.3,2.8257999999999535,1
CBShdInspired,Image budget,4.0,0.1324000000000325,4.1324000000000325,2
CBShdInspired,Control,4.1324000000000325,0.4,4.532400000000033,2
CBShdInspired,Comm,4.532400000000033,0.3,4.832400000000033,2
CBShdInspired,Image budget,6.0,0.1508999999999538,6.150899999999954,3
CBShdInspired,Control,6.150899999999954,0.4,6.550899999999954,3
CBShdInspired,Comm,6.550899999999954,0.3,6.850899999999954,3
CBShdInspired,Image budget,8.0,0.2301000000000108,8.23010000000001,4
CBShdInspired,Control,8.23010000000001,0.4,8.630100000000011,4
CBShdInspired,Comm,8.630100000000011,0.3,8.930100000000012,4
CBShdInspired,Image budget,10.0,0.1412000000000635,10.141200000000063,5
CBShdInspired,Control,10.141200000000063,0.4,10.541200000000064,5
CBShdInspired,Comm,10.541200000000064,0.3,10.841200000000065,5
CBShdInspired,Image budget,12.0,0.1387999999999944,12.138799999999994,6
CBShdInspired,Control,12.138799999999994,0.4,12.538799999999995,6
CBShdInspired,Comm,12.538799999999995,0.3,12.838799999999996,6
CBShdInspired,Image budget,14.0,0.1316000000000095,14.13160000000001,7
CBShdInspired,Control,14.13160000000001,0.4,14.53160000000001,7
CBShdInspired,Comm,14.53160000000001,0.3,14.83160000000001,7
CBShdInspired,Image budget,16.0,0.1339000000000201,16.13390000000002,8
CBShdInspired,Control,16.13390000000002,0.4,16.533900000000017,8
CBShdInspired,Comm,16.533900000000017,0.3,16.833900000000018,8
CBShdInspired,Image budget,18.0,0.1749999999999252,18.174999999999926,9
CBShdInspired,Control,18.174999999999926,0.4,18.574999999999925,9
CBShdInspired,Comm,18.574999999999925,0.3,18.874999999999925,9
CBShdInspired,Image budget,20.0,0.1366999999999896,20.13669999999999,10
CBShdInspired,Control,20.13669999999999,0.4,20.53669999999999,10
CBShdInspired,Comm,20.53669999999999,0.3,20.83669999999999,10
CBShdInspired,Image budget,22.0,0.1354999999999551,22.135499999999954,11
CBShdInspired,Control,22.135499999999954,0.4,22.535499999999953,11
CBShdInspired,Comm,22.535499999999953,0.3,22.835499999999954,11
CBShdInspired,Image budget,24.0,0.1394999999999591,24.13949999999996,12
CBShdInspired,Control,24.13949999999996,0.4,24.539499999999958,12
CBShdInspired,Comm,24.539499999999958,0.3,24.83949999999996,12
CBShdInspired,Image budget,26.0,0.1293999999999462,26.129399999999947,13
CBShdInspired,Control,26.129399999999947,0.4,26.529399999999946,13
CBShdInspired,Comm,26.529399999999946,0.3,26.829399999999946,13
CBShdInspired,Image budget,28.0,0.1554000000000277,28.15540000000003,14
CBShdInspired,Control,28.15540000000003,0.4,28.555400000000027,14
CBShdInspired,Comm,28.555400000000027,0.3,28.855400000000028,14
CBShdInspired,Image budget,30.0,0.1325000000000908,30.13250000000009,15
CBShdInspired,Control,30.13250000000009,0.4,30.532500000000088,15
CBShdInspired,Comm,30.532500000000088,0.3,30.83250000000009,15
CBShdInspired,Image budget,32.0,0.1362000000000307,32.13620000000003,16
CBShdInspired,Control,32.13620000000003,0.4,32.53620000000003,16
CBShdInspired,Comm,32.53620000000003,0.3,32.83620000000003,16
CBShdInspired,Image budget,34.0,0.1358000000000192,34.13580000000002,17
CBShdInspired,Control,34.13580000000002,0.4,34.535800000000016,17
CBShdInspired,Comm,34.535800000000016,0.3,34.83580000000001,17
CBShdInspired,Image budget,36.0,0.1588000000000144,36.158800000000014,18
CBShdInspired,Control,36.158800000000014,0.4,36.55880000000001,18
CBShdInspired,Comm,36.55880000000001,0.3,36.85880000000001,18
CBShdInspired,Image budget,38.0,0.136000000000025,38.136000000000024,19
CBShdInspired,Control,38.136000000000024,0.4,38.53600000000002,19
CBShdInspired,Comm,38.53600000000002,0.3,38.83600000000002,19
CBShdInspired,Image budget,40.0,0.1327999999999329,40.13279999999993,20
CBShdInspired,Control,40.13279999999993,0.4,40.53279999999993,20
CBShdInspired,Comm,40.53279999999993,0.3,40.83279999999993,20
CBShdInspired,Image budget,42.0,0.1377000000000183,42.13770000000002,21
CBShdInspired,Control,42.13770000000002,0.4,42.537700000000015,21
CBShdInspired,Comm,42.537700000000015,0.3,42.83770000000001,21
CBShdInspired,Image budget,44.0,0.1323000000000851,44.132300000000086,22
CBShdInspired,Control,44.132300000000086,0.4,44.532300000000085,22
CBShdInspired,Comm,44.532300000000085,0.3,44.83230000000008,22
CBShdInspired,Image budget,46.0,0.1347999999999904,46.13479999999999,23
CBShdInspired,Control,46.13479999999999,0.4,46.53479999999999,23
CBShdInspired,Comm,46.53479999999999,0.3,46.83479999999999,23
CBShdInspired,Image budget,48.0,0.1942999999999806,48.194299999999984,24
CBShdInspired,Control,48.194299999999984,0.4,48.59429999999998,24
CBShdInspired,Comm,48.59429999999998,0.3,48.89429999999998,24
CBShdInspired,Image budget,50.0,0.1375000000000126,50.13750000000001,25
CBShdInspired,Control,50.13750000000001,0.4,50.53750000000001,25
CBShdInspired,Comm,50.53750000000001,0.3,50.837500000000006,25
CBShdInspired,Image budget,52.0,0.1364000000001475,52.136400000000144,26
CBShdInspired,Control,52.136400000000144,0.4,52.53640000000014,26
CBShdInspired,Comm,52.53640000000014,0.3,52.83640000000014,26
CBShdInspired,Image budget,54.0,0.1342999999998095,54.13429999999981,27
CBShdInspired,Control,54.13429999999981,0.4,54.53429999999981,27
CBShdInspired,Comm,54.53429999999981,0.3,54.83429999999981,27
CBShdInspired,Image budget,56.0,0.1335000000000086,56.13350000000001,28
CBShdInspired,Control,56.13350000000001,0.4,56.53350000000001,28
CBShdInspired,Comm,56.53350000000001,0.3,56.83350000000001,28
CBShdInspired,Image budget,58.0,0.1516999999999768,58.15169999999998,29
CBShdInspired,Control,58.15169999999998,0.4,58.551699999999975,29
CBShdInspired,Comm,58.551699999999975,0.3,58.85169999999997,29
CBShdInspired,Image budget,60.0,0.1378999999999131,60.13789999999992,30
CBShdInspired,Control,60.13789999999992,0.4,60.537899999999915,30
CBShdInspired,Comm,60.537899999999915,0.3,60.83789999999991,30
CBShdInspired,Image budget,62.0,0.5,62.5,31
CBShdInspired,Control,62.5,0.4,62.9,31
CBShdInspired,Comm,62.9,0.3,63.199999999999996,31
CBShdInspired,Image remaining,63.199999999999996,0.04500000000001769,63.24500000000001,31
CBShdInspired,Image budget,64.0,0.4469999999998642,64.44699999999986,32
CBShdInspired,Control,64.44699999999986,0.4,64.84699999999987,32
CBShdInspired,Comm,64.84699999999987,0.3,65.14699999999986,32
CBShdInspired,Image budget,66.0,0.3998000000000612,66.39980000000006,33
CBShdInspired,Control,66.39980000000006,0.4,66.79980000000006,33
CBShdInspired,Comm,66.79980000000006,0.3,67.09980000000006,33
CBShdInspired,Image budget,68.0,0.1345999999999847,68.13459999999998,34
CBShdInspired,Control,68.13459999999998,0.4,68.53459999999998,34
CBShdInspired,Comm,68.53459999999998,0.3,68.83459999999998,34
CBShdInspired,Image budget,70.0,0.1340999999999148,70.13409999999992,35
CBShdInspired,Control,70.13409999999992,0.4,70.53409999999992,35
CBShdInspired,Comm,70.53409999999992,0.3,70.83409999999992,35
CBShdInspired,Image budget,72.0,0.4186999999999941,72.4187,36
CBShdInspired,Control,72.4187,0.4,72.8187,36
CBShdInspired,Comm,72.8187,0.3,73.1187,36
CBShdInspired,Image budget,74.0,0.413600000000125,74.41360000000013,37
CBShdInspired,Control,74.41360000000013,0.4,74.81360000000014,37
CBShdInspired,Comm,74.81360000000014,0.3,75.11360000000013,37
CBShdInspired,Image budget,76.0,0.1314999999999511,76.13149999999995,38
CBShdInspired,Control,76.13149999999995,0.4,76.53149999999995,38
CBShdInspired,Comm,76.53149999999995,0.3,76.83149999999995,38
CBShdInspired,Image budget,78.0,0.1314000000001147,78.13140000000011,39
CBShdInspired,Control,78.13140000000011,0.4,78.53140000000012,39
CBShdInspired,Comm,78.53140000000012,0.3,78.83140000000012,39
CBShdInspired,Image budget,80.0,0.4142000000000312,80.41420000000004,40
CBShdInspired,Control,80.41420000000004,0.4,80.81420000000004,40
CBShdInspired,Comm,80.81420000000004,0.3,81.11420000000004,40
CBShdInspired,Image budget,82.0,0.4167999999999949,82.4168,41
CBShdInspired,Control,82.4168,0.4,82.8168,41
CBShdInspired,Comm,82.8168,0.3,83.1168,41
CBShdInspired,Image budget,84.0,0.4116000000000674,84.41160000000006,42
CBShdInspired,Control,84.41160000000006,0.4,84.81160000000007,42
CBShdInspired,Comm,84.81160000000007,0.3,85.11160000000007,42
CBShdInspired,Image budget,86.0,0.5,86.5,43
CBShdInspired,Control,86.5,0.4,86.9,43
CBShdInspired,Comm,86.9,0.3,87.2,43
CBShdInspired,Image remaining,87.2,0.0052999999999308045,87.20529999999994,43
CBShdInspired,Image budget,88.0,0.13440000000009,88.13440000000008,44
CBShdInspired,Control,88.13440000000008,0.4,88.53440000000009,44
CBShdInspired,Comm,88.53440000000009,0.3,88.83440000000009,44
CBShdInspired,Image budget,90.0,0.5,90.5,45
CBShdInspired,Control,90.5,0.4,90.9,45
CBShdInspired,Comm,90.9,0.3,91.2,45
CBShdInspired,Image remaining,91.2,0.0854000000000692,91.28540000000007,45
CBShdInspired,Image budget,92.0,0.4051000000000471,92.40510000000005,46
CBShdInspired,Control,92.40510000000005,0.4,92.80510000000005,46
CBShdInspired,Comm,92.80510000000005,0.3,93.10510000000005,46
CBShdInspired,Image budget,94.0,0.4140999999999728,94.41409999999998,47
CBShdInspired,Control,94.41409999999998,0.4,94.81409999999998,47
CBShdInspired,Comm,94.81409999999998,0.3,95.11409999999998,47
CBShdInspired,Image budget,96.0,0.1304999999998113,96.13049999999981,48
CBShdInspired,Control,96.13049999999981,0.4,96.53049999999982,48
CBShdInspired,Comm,96.53049999999982,0.3,96.83049999999982,48
CBShdInspired,Image budget,98.0,0.1446999999998865,98.14469999999989,49
CBShdInspired,Control,98.14469999999989,0.4,98.54469999999989,49
CBShdInspired,Comm,98.54469999999989,0.3,98.84469999999989,49
CBShdInspired,Image budget,100.0,0.4083000000001391,100.40830000000014,50
CBShdInspired,Control,100.40830000000014,0.4,100.80830000000014,50
CBShdInspired,Comm,100.80830000000014,0.3,101.10830000000014,50
CBShdInspired,Image budget,102.0,0.5,102.5,51
CBShdInspired,Control,102.5,0.4,102.9,51
CBShdInspired,Comm,102.9,0.3,103.2,51
CBShdInspired,Image remaining,103.2,0.2789000000000268,103.47890000000002,51
CBShdInspired,Image budget,104.0,0.4151000000001126,104.41510000000011,52
CBShdInspired,Control,104.41510000000011,0.4,104.81510000000011,52
CBShdInspired,Comm,104.81510000000011,0.3,105.11510000000011,52
CBShdInspired,Image budget,106.0,0.4177000000000763,106.41770000000008,53
CBShdInspired,Control,106.41770000000008,0.4,106.81770000000009,53
CBShdInspired,Comm,106.81770000000009,0.3,107.11770000000008,53
CBShdInspired,Image budget,108.0,0.4148000000001595,108.41480000000016,54
CBShdInspired,Control,108.41480000000016,0.4,108.81480000000016,54
CBShdInspired,Comm,108.81480000000016,0.3,109.11480000000016,54
CBShdInspired,Image budget,110.0,0.1645000000001228,110.16450000000012,55
CBShdInspired,Control,110.16450000000012,0.4,110.56450000000012,55
CBShdInspired,Comm,110.56450000000012,0.3,110.86450000000012,55
CBShdInspired,Image budget,112.0,0.4200999999999233,112.42009999999992,56
CBShdInspired,Control,112.42009999999992,0.4,112.82009999999993,56
CBShdInspired,Comm,112.82009999999993,0.3,113.12009999999992,56
CBShdInspired,Image budget,114.0,0.4128999999999383,114.41289999999994,57
CBShdInspired,Control,114.41289999999994,0.4,114.81289999999994,57
CBShdInspired,Comm,114.81289999999994,0.3,115.11289999999994,57
CBShdInspired,Image budget,116.0,0.4306000000000587,116.43060000000006,58
CBShdInspired,Control,116.43060000000006,0.4,116.83060000000006,58
CBShdInspired,Comm,116.83060000000006,0.3,117.13060000000006,58
CBShdInspired,Image budget,118.0,0.1282000000000227,118.12820000000002,59
CBShdInspired,Control,118.12820000000002,0.4,118.52820000000003,59
CBShdInspired,Comm,118.52820000000003,0.3,118.82820000000002,59
CBShdInspired,Image budget,120.0,0.5,120.5,60
CBShdInspired,Control,120.5,0.4,120.9,60
CBShdInspired,Comm,120.9,0.3,121.2,60
CBShdInspired,Image remaining,121.2,0.5,121.7,60
CBShdInspired,Image remaining,121.75,0.5,122.25,60
CBShdInspired,Image remaining,122.3,0.5,122.8,60
CBShdInspired,Image remaining,122.85,0.5,123.35,60
CBShdInspired,Image remaining,123.39999999999999,0.5,123.89999999999999,60
CBShdInspired,Image remaining,123.94999999999999,0.5,124.44999999999999,60
CBShdInspired,Image remaining,124.49999999999999,0.5,124.99999999999999,60
CBShdInspired,Image remaining,125.04999999999998,0.5,125.54999999999998,60
CBShdInspired,Image remaining,125.59999999999998,0.5,126.09999999999998,60
CBShdInspired,Image remaining,126.14999999999998,0.5,126.64999999999998,60
CBShdInspired,Image remaining,126.69999999999997,0.5,127.19999999999997,60
CBShdInspired,Image remaining,127.24999999999997,0.5,127.74999999999997,60
CBShdInspired,Image remaining,127.79999999999997,0.5,128.29999999999995,60
CBShdInspired,Image remaining,128.34999999999997,0.5,128.84999999999997,60
CBShdInspired,Image remaining,128.89999999999998,0.5,129.39999999999998,60
CBShdInspired,Image remaining,129.45,0.5,129.95,60
CBShdInspired,Image remaining,130.0,0.5,130.5,60
CBShdInspired,Image remaining,130.55,0.5,131.05,60
CBShdInspired,Image remaining,131.10000000000002,0.5,131.60000000000002,60
CBShdInspired,Image remaining,131.65000000000003,0.5,132.15000000000003,60
CBShdInspired,Image remaining,132.20000000000005,0.5,132.70000000000005,60
CBShdInspired,Image remaining,132.75000000000006,0.5,133.25000000000006,60
CBShdInspired,Image remaining,133.30000000000007,0.5,133.80000000000007,60
CBShdInspired,Image remaining,133.85000000000008,0.5,134.35000000000008,60
CBShdInspired,Image remaining,134.4000000000001,0.2526000000000046,134.6526000000001,60
CBShdInspired,Image budget,122.0,0.5,122.5,61
CBShdInspired,Control,122.5,0.4,122.9,61
CBShdInspired,Comm,122.9,0.3,123.2,61
CBShdInspired,Image remaining,123.2,0.5,123.7,61
CBShdInspired,Image remaining,123.75,0.5,124.25,61
CBShdInspired,Image remaining,124.3,0.5,124.8,61
CBShdInspired,Image remaining,124.85,0.5,125.35,61
CBShdInspired,Image remaining,125.39999999999999,0.5,125.89999999999999,61
CBShdInspired,Image remaining,125.94999999999999,0.5,126.44999999999999,61
CBShdInspired,Image remaining,126.49999999999999,0.5,126.99999999999999,61
CBShdInspired,Image remaining,127.04999999999998,0.5,127.54999999999998,61
CBShdInspired,Image remaining,127.59999999999998,0.5,128.09999999999997,61
CBShdInspired,Image remaining,128.14999999999998,0.5,128.64999999999998,61
CBShdInspired,Image remaining,128.7,0.5,129.2,61
CBShdInspired,Image remaining,129.25,0.5,129.75,61
CBShdInspired,Image remaining,129.8,0.5,130.3,61
CBShdInspired,Image remaining,130.35000000000002,0.5,130.85000000000002,61
CBShdInspired,Image remaining,130.90000000000003,0.16960000000005415,131.0696000000001,61
CBShdInspired,Image budget,124.0,0.5,124.5,62
CBShdInspired,Control,124.5,0.4,124.9,62
CBShdInspired,Comm,124.9,0.3,125.2,62
CBShdInspired,Image remaining,125.2,0.5,125.7,62
CBShdInspired,Image remaining,125.75,0.5,126.25,62
CBShdInspired,Image remaining,126.3,0.5,126.8,62
CBShdInspired,Image remaining,126.85,0.5,127.35,62
CBShdInspired,Image remaining,127.39999999999999,0.5,127.89999999999999,62
CBShdInspired,Image remaining,127.94999999999999,0.5,128.45,62
CBShdInspired,Image remaining,128.5,0.5,129.0,62
CBShdInspired,Image remaining,129.05,0.5,129.55,62
CBShdInspired,Image remaining,129.60000000000002,0.5,130.10000000000002,62
CBShdInspired,Image remaining,130.15000000000003,0.5,130.65000000000003,62
CBShdInspired,Image remaining,130.70000000000005,0.5,131.20000000000005,62
CBShdInspired,Image remaining,131.25000000000006,0.5,131.75000000000006,62
CBShdInspired,Image remaining,131.80000000000007,0.5,132.30000000000007,62
CBShdInspired,Image remaining,132.35000000000008,0.5,132.85000000000008,62
CBShdInspired,Image remaining,132.9000000000001,0.5,133.4000000000001,62
CBShdInspired,Image remaining,133.4500000000001,0.009799999999955844,133.45980000000006,62
CBShdInspired,Image budget,126.0,0.5,126.5,63
CBShdInspired,Control,126.5,0.4,126.9,63
CBShdInspired,Comm,126.9,0.3,127.2,63
CBShdInspired,Image remaining,127.2,0.5,127.7,63
CBShdInspired,Image remaining,127.75,0.5,128.25,63
CBShdInspired,Image remaining,128.3,0.5,128.8,63
CBShdInspired,Image remaining,128.85000000000002,0.5,129.35000000000002,63
CBShdInspired,Image remaining,129.40000000000003,0.5,129.90000000000003,63
CBShdInspired,Image remaining,129.95000000000005,0.5,130.45000000000005,63
CBShdInspired,Image remaining,130.50000000000006,0.5,131.00000000000006,63
CBShdInspired,Image remaining,131.05000000000007,0.5,131.55000000000007,63
CBShdInspired,Image remaining,131.60000000000008,0.5,132.10000000000008,63
CBShdInspired,Image remaining,132.1500000000001,0.5,132.6500000000001,63
CBShdInspired,Image remaining,132.7000000000001,0.5,133.2000000000001,63
CBShdInspired,Image remaining,133.2500000000001,0.5,133.7500000000001,63
CBShdInspired,Image remaining,133.80000000000013,0.5,134.30000000000013,63
CBShdInspired,Image remaining,134.35000000000014,0.5,134.85000000000014,63
CBShdInspired,Image remaining,134.90000000000015,0.293300000000114,135.19330000000025,63
CBShdInspired,Image budget,128.0,0.5,128.5,64
CBShdInspired,Control,128.5,0.4,128.9,64
CBShdInspired,Comm,128.9,0.3,129.20000000000002,64
CBShdInspired,Image remaining,129.20000000000002,0.5,129.70000000000002,64
CBShdInspired,Image remaining,129.75000000000003,0.5,130.25000000000003,64
CBShdInspired,Image remaining,130.30000000000004,0.5,130.80000000000004,64
CBShdInspired,Image remaining,130.85000000000005,0.5,131.35000000000005,64
CBShdInspired,Image remaining,131.40000000000006,0.5,131.90000000000006,64
CBShdInspired,Image remaining,131.95000000000007,0.5,132.45000000000007,64
CBShdInspired,Image remaining,132.50000000000009,0.5,133.00000000000009,64
CBShdInspired,Image remaining,133.0500000000001,0.5,133.5500000000001,64
CBShdInspired,Image remaining,133.6000000000001,0.5,134.1000000000001,64
CBShdInspired,Image remaining,134.15000000000012,0.5,134.65000000000012,64
CBShdInspired,Image remaining,134.70000000000013,0.5,135.20000000000013,64
CBShdInspired,Image remaining,135.25000000000014,0.5,135.75000000000014,64
CBShdInspired,Image remaining,135.80000000000015,0.5,136.30000000000015,64
CBShdInspired,Image remaining,136.35000000000016,0.5,136.85000000000016,64
CBShdInspired,Image remaining,136.90000000000018,0.03809999999988101,136.93810000000005,64
CBShdInspired,Image budget,130.0,0.5,130.5,65
CBShdInspired,Control,130.5,0.4,130.9,65
CBShdInspired,Comm,130.9,0.3,131.20000000000002,65
CBShdInspired,Image remaining,131.20000000000002,0.5,131.70000000000002,65
CBShdInspired,Image remaining,131.75000000000003,0.5,132.25000000000003,65
CBShdInspired,Image remaining,132.30000000000004,0.5,132.80000000000004,65
CBShdInspired,Image remaining,132.85000000000005,0.5,133.35000000000005,65
CBShdInspired,Image remaining,133.40000000000006,0.5,133.90000000000006,65
CBShdInspired,Image remaining,133.95000000000007,0.5,134.45000000000007,65
CBShdInspired,Image remaining,134.50000000000009,0.5,135.00000000000009,65
CBShdInspired,Image remaining,135.0500000000001,0.5,135.5500000000001,65
CBShdInspired,Image remaining,135.6000000000001,0.5,136.1000000000001,65
CBShdInspired,Image remaining,136.15000000000012,0.5,136.65000000000012,65
CBShdInspired,Image remaining,136.70000000000013,0.5,137.20000000000013,65
CBShdInspired,Image remaining,137.25000000000014,0.5,137.75000000000014,65
CBShdInspired,Image remaining,137.80000000000015,0.5,138.30000000000015,65
CBShdInspired,Image remaining,138.35000000000016,0.5,138.85000000000016,65
CBShdInspired,Image remaining,138.90000000000018,0.2890000000000459,139.18900000000022,65
CBShdInspired,Image budget,132.0,0.5,132.5,66
CBShdInspired,Control,132.5,0.4,132.9,66
CBShdInspired,Comm,132.9,0.3,133.20000000000002,66
CBShdInspired,Image remaining,133.20000000000002,0.5,133.70000000000002,66
CBShdInspired,Image remaining,133.75000000000003,0.5,134.25000000000003,66
CBShdInspired,Image remaining,134.30000000000004,0.5,134.80000000000004,66
CBShdInspired,Image remaining,134.85000000000005,0.5,135.35000000000005,66
CBShdInspired,Image remaining,135.40000000000006,0.5,135.90000000000006,66
CBShdInspired,Image remaining,135.95000000000007,0.5,136.45000000000007,66
CBShdInspired,Image remaining,136.50000000000009,0.5,137.00000000000009,66
CBShdInspired,Image remaining,137.0500000000001,0.5,137.5500000000001,66
CBShdInspired,Image remaining,137.6000000000001,0.5,138.1000000000001,66
CBShdInspired,Image remaining,138.15000000000012,0.5,138.65000000000012,66
CBShdInspired,Image remaining,138.70000000000013,0.5,139.20000000000013,66
CBShdInspired,Image remaining,139.25000000000014,0.5,139.75000000000014,66
CBShdInspired,Image remaining,139.80000000000015,0.5,140.30000000000015,66
CBShdInspired,Image remaining,140.35000000000016,0.5,140.85000000000016,66
CBShdInspired,Image remaining,140.90000000000018,0.2878999999998477,141.1879,66
CBShdInspired,Image budget,134.0,0.5,134.5,67
CBShdInspired,Control,134.5,0.4,134.9,67
CBShdInspired,Comm,134.9,0.3,135.20000000000002,67
CBShdInspired,Image remaining,135.20000000000002,0.5,135.70000000000002,67
CBShdInspired,Image remaining,135.75000000000003,0.5,136.25000000000003,67
CBShdInspired,Image remaining,136.30000000000004,0.5,136.80000000000004,67
CBShdInspired,Image remaining,136.85000000000005,0.5,137.35000000000005,67
CBShdInspired,Image remaining,137.40000000000006,0.5,137.90000000000006,67
CBShdInspired,Image remaining,137.95000000000007,0.5,138.45000000000007,67
CBShdInspired,Image remaining,138.50000000000009,0.5,139.00000000000009,67
CBShdInspired,Image remaining,139.0500000000001,0.5,139.5500000000001,67
CBShdInspired,Image remaining,139.6000000000001,0.5,140.1000000000001,67
CBShdInspired,Image remaining,140.15000000000012,0.5,140.65000000000012,67
CBShdInspired,Image remaining,140.70000000000013,0.5,141.20000000000013,67
CBShdInspired,Image remaining,141.25000000000014,0.5,141.75000000000014,67
CBShdInspired,Image remaining,141.80000000000015,0.5,142.30000000000015,67
CBShdInspired,Image remaining,142.35000000000016,0.5,142.85000000000016,67
CBShdInspired,Image remaining,142.90000000000018,0.5,143.40000000000018,67
CBShdInspired,Image remaining,143.4500000000002,0.0379999999999896,143.48800000000017,67
CBShdInspired,Image budget,136.0,0.5,136.5,68
CBShdInspired,Control,136.5,0.4,136.9,68
CBShdInspired,Comm,136.9,0.3,137.20000000000002,68
CBShdInspired,Image remaining,137.20000000000002,0.5,137.70000000000002,68
CBShdInspired,Image remaining,137.75000000000003,0.5,138.25000000000003,68
CBShdInspired,Image remaining,138.30000000000004,0.5,138.80000000000004,68
CBShdInspired,Image remaining,138.85000000000005,0.5,139.35000000000005,68
CBShdInspired,Image remaining,139.40000000000006,0.5,139.90000000000006,68
CBShdInspired,Image remaining,139.95000000000007,0.5,140.45000000000007,68
CBShdInspired,Image remaining,140.50000000000009,0.5,141.00000000000009,68
CBShdInspired,Image remaining,141.0500000000001,0.5,141.5500000000001,68
CBShdInspired,Image remaining,141.6000000000001,0.5,142.1000000000001,68
CBShdInspired,Image remaining,142.15000000000012,0.5,142.65000000000012,68
CBShdInspired,Image remaining,142.70000000000013,0.5,143.20000000000013,68
CBShdInspired,Image remaining,143.25000000000014,0.5,143.75000000000014,68
CBShdInspired,Image remaining,143.80000000000015,0.5,144.30000000000015,68
CBShdInspired,Image remaining,144.35000000000016,0.5,144.85000000000016,68
CBShdInspired,Image remaining,144.90000000000018,0.22930000000005002,145.12930000000023,68
CBShdInspired,Image budget,138.0,0.5,138.5,69
CBShdInspired,Control,138.5,0.4,138.9,69
CBShdInspired,Comm,138.9,0.3,139.20000000000002,69
CBShdInspired,Image remaining,139.20000000000002,0.5,139.70000000000002,69
CBShdInspired,Image remaining,139.75000000000003,0.5,140.25000000000003,69
CBShdInspired,Image remaining,140.30000000000004,0.5,140.80000000000004,69
CBShdInspired,Image remaining,140.85000000000005,0.5,141.35000000000005,69
CBShdInspired,Image remaining,141.40000000000006,0.5,141.90000000000006,69
CBShdInspired,Image remaining,141.95000000000007,0.5,142.45000000000007,69
CBShdInspired,Image remaining,142.50000000000009,0.5,143.00000000000009,69
CBShdInspired,Image remaining,143.0500000000001,0.5,143.5500000000001,69
CBShdInspired,Image remaining,143.6000000000001,0.5,144.1000000000001,69
CBShdInspired,Image remaining,144.15000000000012,0.5,144.65000000000012,69
CBShdInspired,Image remaining,144.70000000000013,0.5,145.20000000000013,69
CBShdInspired,Image remaining,145.25000000000014,0.5,145.75000000000014,69
CBShdInspired,Image remaining,145.80000000000015,0.5,146.30000000000015,69
CBShdInspired,Image remaining,146.35000000000016,0.5,146.85000000000016,69
CBShdInspired,Image remaining,146.90000000000018,0.24499999999989086,147.14500000000007,69
CBShdInspired,Image budget,140.0,0.5,140.5,70
CBShdInspired,Control,140.5,0.4,140.9,70
CBShdInspired,Comm,140.9,0.3,141.20000000000002,70
CBShdInspired,Image remaining,141.20000000000002,0.5,141.70000000000002,70
CBShdInspired,Image remaining,141.75000000000003,0.5,142.25000000000003,70
CBShdInspired,Image remaining,142.30000000000004,0.5,142.80000000000004,70
CBShdInspired,Image remaining,142.85000000000005,0.5,143.35000000000005,70
CBShdInspired,Image remaining,143.40000000000006,0.5,143.90000000000006,70
CBShdInspired,Image remaining,143.95000000000007,0.5,144.45000000000007,70
CBShdInspired,Image remaining,144.50000000000009,0.5,145.00000000000009,70
CBShdInspired,Image remaining,145.0500000000001,0.5,145.5500000000001,70
CBShdInspired,Image remaining,145.6000000000001,0.5,146.1000000000001,70
CBShdInspired,Image remaining,146.15000000000012,0.5,146.65000000000012,70
CBShdInspired,Image remaining,146.70000000000013,0.5,147.20000000000013,70
CBShdInspired,Image remaining,147.25000000000014,0.5,147.75000000000014,70
CBShdInspired,Image remaining,147.80000000000015,0.5,148.30000000000015,70
CBShdInspired,Image remaining,148.35000000000016,0.5,148.85000000000016,70
CBShdInspired,Image remaining,148.90000000000018,0.5,149.40000000000018,70
CBShdInspired,Image remaining,149.4500000000002,0.007799999999898333,149.45780000000008,70
CBShdInspired,Image budget,142.0,0.5,142.5,71
CBShdInspired,Control,142.5,0.4,142.9,71
CBShdInspired,Comm,142.9,0.3,143.20000000000002,71
CBShdInspired,Image remaining,143.20000000000002,0.5,143.70000000000002,71
CBShdInspired,Image remaining,143.75000000000003,0.5,144.25000000000003,71
CBShdInspired,Image remaining,144.30000000000004,0.5,144.80000000000004,71
CBShdInspired,Image remaining,144.85000000000005,0.5,145.35000000000005,71
CBShdInspired,Image remaining,145.40000000000006,0.5,145.90000000000006,71
CBShdInspired,Image remaining,145.95000000000007,0.5,146.45000000000007,71
CBShdInspired,Image remaining,146.50000000000009,0.5,147.00000000000009,71
CBShdInspired,Image remaining,147.0500000000001,0.5,147.5500000000001,71
CBShdInspired,Image remaining,147.6000000000001,0.5,148.1000000000001,71
CBShdInspired,Image remaining,148.15000000000012,0.5,148.65000000000012,71
CBShdInspired,Image remaining,148.70000000000013,0.5,149.20000000000013,71
CBShdInspired,Image remaining,149.25000000000014,0.5,149.75000000000014,71
CBShdInspired,Image remaining,149.80000000000015,0.5,150.30000000000015,71
CBShdInspired,Image remaining,150.35000000000016,0.5,150.85000000000016,71
CBShdInspired,Image remaining,150.90000000000018,0.5,151.40000000000018,71
CBShdInspired,Image remaining,151.4500000000002,0.5,151.9500000000002,71
CBShdInspired,Image remaining,152.0000000000002,0.24930000000029295,152.2493000000005,71
CBShdInspired,Image budget,144.0,0.5,144.5,72
CBShdInspired,Control,144.5,0.4,144.9,72
CBShdInspired,Comm,144.9,0.3,145.20000000000002,72
CBShdInspired,Image remaining,145.20000000000002,0.5,145.70000000000002,72
CBShdInspired,Image remaining,145.75000000000003,0.5,146.25000000000003,72
CBShdInspired,Image remaining,146.30000000000004,0.5,146.80000000000004,72
CBShdInspired,Image remaining,146.85000000000005,0.5,147.35000000000005,72
CBShdInspired,Image remaining,147.40000000000006,0.5,147.90000000000006,72
CBShdInspired,Image remaining,147.95000000000007,0.5,148.45000000000007,72
CBShdInspired,Image remaining,148.50000000000009,0.5,149.00000000000009,72
CBShdInspired,Image remaining,149.0500000000001,0.5,149.5500000000001,72
CBShdInspired,Image remaining,149.6000000000001,0.5,150.1000000000001,72
CBShdInspired,Image remaining,150.15000000000012,0.5,150.65000000000012,72
CBShdInspired,Image remaining,150.70000000000013,0.5,151.20000000000013,72
CBShdInspired,Image remaining,151.25000000000014,0.5,151.75000000000014,72
CBShdInspired,Image remaining,151.80000000000015,0.5,152.30000000000015,72
CBShdInspired,Image remaining,152.35000000000016,0.5,152.85000000000016,72
CBShdInspired,Image remaining,152.90000000000018,0.23549999999989524,153.13550000000006,72
CBShdInspired,Image budget,146.0,0.5,146.5,73
CBShdInspired,Control,146.5,0.4,146.9,73
CBShdInspired,Comm,146.9,0.3,147.20000000000002,73
CBShdInspired,Image remaining,147.20000000000002,0.5,147.70000000000002,73
CBShdInspired,Image remaining,147.75000000000003,0.5,148.25000000000003,73
CBShdInspired,Image remaining,148.30000000000004,0.5,148.80000000000004,73
CBShdInspired,Image remaining,148.85000000000005,0.5,149.35000000000005,73
CBShdInspired,Image remaining,149.40000000000006,0.5,149.90000000000006,73
CBShdInspired,Image remaining,149.95000000000007,0.5,150.45000000000007,73
CBShdInspired,Image remaining,150.50000000000009,0.5,151.00000000000009,73
CBShdInspired,Image remaining,151.0500000000001,0.5,151.5500000000001,73
CBShdInspired,Image remaining,151.6000000000001,0.5,152.1000000000001,73
CBShdInspired,Image remaining,152.15000000000012,0.5,152.65000000000012,73
CBShdInspired,Image remaining,152.70000000000013,0.5,153.20000000000013,73
CBShdInspired,Image remaining,153.25000000000014,0.5,153.75000000000014,73
CBShdInspired,Image remaining,153.80000000000015,0.5,154.30000000000015,73
CBShdInspired,Image remaining,154.35000000000016,0.5,154.85000000000016,73
CBShdInspired,Image remaining,154.90000000000018,0.35739999999979233,155.25739999999996,73
CBShdInspired,Image budget,148.0,0.5,148.5,74
CBShdInspired,Control,148.5,0.4,148.9,74
CBShdInspired,Comm,148.9,0.3,149.20000000000002,74
CBShdInspired,Image remaining,149.20000000000002,0.5,149.70000000000002,74
CBShdInspired,Image remaining,149.75000000000003,0.5,150.25000000000003,74
CBShdInspired,Image remaining,150.30000000000004,0.5,150.80000000000004,74
CBShdInspired,Image remaining,150.85000000000005,0.5,151.35000000000005,74
CBShdInspired,Image remaining,151.40000000000006,0.5,151.90000000000006,74
CBShdInspired,Image remaining,151.95000000000007,0.5,152.45000000000007,74
CBShdInspired,Image remaining,152.50000000000009,0.5,153.00000000000009,74
CBShdInspired,Image remaining,153.0500000000001,0.5,153.5500000000001,74
CBShdInspired,Image remaining,153.6000000000001,0.5,154.1000000000001,74
CBShdInspired,Image remaining,154.15000000000012,0.5,154.65000000000012,74
CBShdInspired,Image remaining,154.70000000000013,0.5,155.20000000000013,74
CBShdInspired,Image remaining,155.25000000000014,0.5,155.75000000000014,74
CBShdInspired,Image remaining,155.80000000000015,0.5,156.30000000000015,74
CBShdInspired,Image remaining,156.35000000000016,0.5,156.85000000000016,74
CBShdInspired,Image remaining,156.90000000000018,0.16189999999999927,157.06190000000018,74
CBShdInspired,Image budget,150.0,0.5,150.5,75
CBShdInspired,Control,150.5,0.4,150.9,75
CBShdInspired,Comm,150.9,0.3,151.20000000000002,75
CBShdInspired,Image remaining,151.20000000000002,0.5,151.70000000000002,75
CBShdInspired,Image remaining,151.75000000000003,0.5,152.25000000000003,75
CBShdInspired,Image remaining,152.30000000000004,0.5,152.80000000000004,75
CBShdInspired,Image remaining,152.85000000000005,0.5,153.35000000000005,75
CBShdInspired,Image remaining,153.40000000000006,0.5,153.90000000000006,75
CBShdInspired,Image remaining,153.95000000000007,0.5,154.45000000000007,75
CBShdInspired,Image remaining,154.50000000000009,0.5,155.00000000000009,75
CBShdInspired,Image remaining,155.0500000000001,0.5,155.5500000000001,75
CBShdInspired,Image remaining,155.6000000000001,0.5,156.1000000000001,75
CBShdInspired,Image remaining,156.15000000000012,0.5,156.65000000000012,75
CBShdInspired,Image remaining,156.70000000000013,0.5,157.20000000000013,75
CBShdInspired,Image remaining,157.25000000000014,0.5,157.75000000000014,75
CBShdInspired,Image remaining,157.80000000000015,0.5,158.30000000000015,75
CBShdInspired,Image remaining,158.35000000000016,0.5,158.85000000000016,75
CBShdInspired,Image remaining,158.90000000000018,0.2959999999999141,159.19600000000008,75
CBShdInspired,Image budget,152.0,0.5,152.5,76
CBShdInspired,Control,152.5,0.4,152.9,76
CBShdInspired,Comm,152.9,0.3,153.20000000000002,76
CBShdInspired,Image remaining,153.20000000000002,0.5,153.70000000000002,76
CBShdInspired,Image remaining,153.75000000000003,0.5,154.25000000000003,76
CBShdInspired,Image remaining,154.30000000000004,0.5,154.80000000000004,76
CBShdInspired,Image remaining,154.85000000000005,0.5,155.35000000000005,76
CBShdInspired,Image remaining,155.40000000000006,0.5,155.90000000000006,76
CBShdInspired,Image remaining,155.95000000000007,0.5,156.45000000000007,76
CBShdInspired,Image remaining,156.50000000000009,0.5,157.00000000000009,76
CBShdInspired,Image remaining,157.0500000000001,0.5,157.5500000000001,76
CBShdInspired,Image remaining,157.6000000000001,0.5,158.1000000000001,76
CBShdInspired,Image remaining,158.15000000000012,0.5,158.65000000000012,76
CBShdInspired,Image remaining,158.70000000000013,0.5,159.20000000000013,76
CBShdInspired,Image remaining,159.25000000000014,0.5,159.75000000000014,76
CBShdInspired,Image remaining,159.80000000000015,0.5,160.30000000000015,76
CBShdInspired,Image remaining,160.35000000000016,0.5,160.85000000000016,76
CBShdInspired,Image remaining,160.90000000000018,0.07979999999980336,160.97979999999998,76
CBShdInspired,Image budget,154.0,0.5,154.5,77
CBShdInspired,Control,154.5,0.4,154.9,77
CBShdInspired,Comm,154.9,0.3,155.20000000000002,77
CBShdInspired,Image remaining,155.20000000000002,0.5,155.70000000000002,77
CBShdInspired,Image remaining,155.75000000000003,0.5,156.25000000000003,77
CBShdInspired,Image remaining,156.30000000000004,0.5,156.80000000000004,77
CBShdInspired,Image remaining,156.85000000000005,0.5,157.35000000000005,77
CBShdInspired,Image remaining,157.40000000000006,0.5,157.90000000000006,77
CBShdInspired,Image remaining,157.95000000000007,0.5,158.45000000000007,77
CBShdInspired,Image remaining,158.50000000000009,0.5,159.00000000000009,77
CBShdInspired,Image remaining,159.0500000000001,0.5,159.5500000000001,77
CBShdInspired,Image remaining,159.6000000000001,0.5,160.1000000000001,77
CBShdInspired,Image remaining,160.15000000000012,0.5,160.65000000000012,77
CBShdInspired,Image remaining,160.70000000000013,0.5,161.20000000000013,77
CBShdInspired,Image remaining,161.25000000000014,0.5,161.75000000000014,77
CBShdInspired,Image remaining,161.80000000000015,0.5,162.30000000000015,77
CBShdInspired,Image remaining,162.35000000000016,0.5,162.85000000000016,77
CBShdInspired,Image remaining,162.90000000000018,0.20570000000025956,163.10570000000044,77
CBShdInspired,Image budget,156.0,0.5,156.5,78
CBShdInspired,Control,156.5,0.4,156.9,78
CBShdInspired,Comm,156.9,0.3,157.20000000000002,78
CBShdInspired,Image remaining,157.20000000000002,0.5,157.70000000000002,78
CBShdInspired,Image remaining,157.75000000000003,0.5,158.25000000000003,78
CBShdInspired,Image remaining,158.30000000000004,0.5,158.80000000000004,78
CBShdInspired,Image remaining,158.85000000000005,0.5,159.35000000000005,78
CBShdInspired,Image remaining,159.40000000000006,0.5,159.90000000000006,78
CBShdInspired,Image remaining,159.95000000000007,0.5,160.45000000000007,78
CBShdInspired,Image remaining,160.50000000000009,0.5,161.00000000000009,78
CBShdInspired,Image remaining,161.0500000000001,0.5,161.5500000000001,78
CBShdInspired,Image remaining,161.6000000000001,0.5,162.1000000000001,78
CBShdInspired,Image remaining,162.15000000000012,0.5,162.65000000000012,78
CBShdInspired,Image remaining,162.70000000000013,0.5,163.20000000000013,78
CBShdInspired,Image remaining,163.25000000000014,0.5,163.75000000000014,78
CBShdInspired,Image remaining,163.80000000000015,0.5,164.30000000000015,78
CBShdInspired,Image remaining,164.35000000000016,0.5,164.85000000000016,78
CBShdInspired,Image remaining,164.90000000000018,0.0976999999998176,164.99769999999998,78
CBShdInspired,Image budget,158.0,0.5,158.5,79
CBShdInspired,Control,158.5,0.4,158.9,79
CBShdInspired,Comm,158.9,0.3,159.20000000000002,79
CBShdInspired,Image remaining,159.20000000000002,0.5,159.70000000000002,79
CBShdInspired,Image remaining,159.75000000000003,0.5,160.25000000000003,79
CBShdInspired,Image remaining,160.30000000000004,0.5,160.80000000000004,79
CBShdInspired,Image remaining,160.85000000000005,0.5,161.35000000000005,79
CBShdInspired,Image remaining,161.40000000000006,0.5,161.90000000000006,79
CBShdInspired,Image remaining,161.95000000000007,0.5,162.45000000000007,79
CBShdInspired,Image remaining,162.50000000000009,0.5,163.00000000000009,79
CBShdInspired,Image remaining,163.0500000000001,0.5,163.5500000000001,79
CBShdInspired,Image remaining,163.6000000000001,0.5,164.1000000000001,79
CBShdInspired,Image remaining,164.15000000000012,0.5,164.65000000000012,79
CBShdInspired,Image remaining,164.70000000000013,0.5,165.20000000000013,79
CBShdInspired,Image remaining,165.25000000000014,0.5,165.75000000000014,79
CBShdInspired,Image remaining,165.80000000000015,0.5,166.30000000000015,79
CBShdInspired,Image remaining,166.35000000000016,0.5,166.85000000000016,79
CBShdInspired,Image remaining,166.90000000000018,0.4183999999998811,167.31840000000005,79
CBShdInspired,Image budget,160.0,0.5,160.5,80
CBShdInspired,Control,160.5,0.4,160.9,80
CBShdInspired,Comm,160.9,0.3,161.20000000000002,80
CBShdInspired,Image remaining,161.20000000000002,0.5,161.70000000000002,80
CBShdInspired,Image remaining,161.75000000000003,0.5,162.25000000000003,80
CBShdInspired,Image remaining,162.30000000000004,0.5,162.80000000000004,80
CBShdInspired,Image remaining,162.85000000000005,0.5,163.35000000000005,80
CBShdInspired,Image remaining,163.40000000000006,0.5,163.90000000000006,80
CBShdInspired,Image remaining,163.95000000000007,0.5,164.45000000000007,80
CBShdInspired,Image remaining,164.50000000000009,0.5,165.00000000000009,80
CBShdInspired,Image remaining,165.0500000000001,0.5,165.5500000000001,80
CBShdInspired,Image remaining,165.6000000000001,0.5,166.1000000000001,80
CBShdInspired,Image remaining,166.15000000000012,0.5,166.65000000000012,80
CBShdInspired,Image remaining,166.70000000000013,0.5,167.20000000000013,80
CBShdInspired,Image remaining,167.25000000000014,0.5,167.75000000000014,80
CBShdInspired,Image remaining,167.80000000000015,0.5,168.30000000000015,80
CBShdInspired,Image remaining,168.35000000000016,0.5,168.85000000000016,80
CBShdInspired,Image remaining,168.90000000000018,0.2999000000001928,169.19990000000035,80
CBShdInspired,Image budget,162.0,0.5,162.5,81
CBShdInspired,Control,162.5,0.4,162.9,81
CBShdInspired,Comm,162.9,0.3,163.20000000000002,81
CBShdInspired,Image remaining,163.20000000000002,0.5,163.70000000000002,81
CBShdInspired,Image remaining,163.75000000000003,0.5,164.25000000000003,81
CBShdInspired,Image remaining,164.30000000000004,0.5,164.80000000000004,81
CBShdInspired,Image remaining,164.85000000000005,0.5,165.35000000000005,81
CBShdInspired,Image remaining,165.40000000000006,0.5,165.90000000000006,81
CBShdInspired,Image remaining,165.95000000000007,0.5,166.45000000000007,81
CBShdInspired,Image remaining,166.50000000000009,0.5,167.00000000000009,81
CBShdInspired,Image remaining,167.0500000000001,0.5,167.5500000000001,81
CBShdInspired,Image remaining,167.6000000000001,0.5,168.1000000000001,81
CBShdInspired,Image remaining,168.15000000000012,0.5,168.65000000000012,81
CBShdInspired,Image remaining,168.70000000000013,0.5,169.20000000000013,81
CBShdInspired,Image remaining,169.25000000000014,0.5,169.75000000000014,81
CBShdInspired,Image remaining,169.80000000000015,0.5,170.30000000000015,81
CBShdInspired,Image remaining,170.35000000000016,0.5,170.85000000000016,81
CBShdInspired,Image remaining,170.90000000000018,0.06590000000034735,170.96590000000052,81
CBShdInspired,Image budget,164.0,0.5,164.5,82
CBShdInspired,Control,164.5,0.4,164.9,82
CBShdInspired,Comm,164.9,0.3,165.20000000000002,82
CBShdInspired,Image remaining,165.20000000000002,0.5,165.70000000000002,82
CBShdInspired,Image remaining,165.75000000000003,0.5,166.25000000000003,82
CBShdInspired,Image remaining,166.30000000000004,0.5,166.80000000000004,82
CBShdInspired,Image remaining,166.85000000000005,0.5,167.35000000000005,82
CBShdInspired,Image remaining,167.40000000000006,0.5,167.90000000000006,82
CBShdInspired,Image remaining,167.95000000000007,0.5,168.45000000000007,82
CBShdInspired,Image remaining,168.50000000000009,0.5,169.00000000000009,82
CBShdInspired,Image remaining,169.0500000000001,0.5,169.5500000000001,82
CBShdInspired,Image remaining,169.6000000000001,0.5,170.1000000000001,82
CBShdInspired,Image remaining,170.15000000000012,0.5,170.65000000000012,82
CBShdInspired,Image remaining,170.70000000000013,0.5,171.20000000000013,82
CBShdInspired,Image remaining,171.25000000000014,0.5,171.75000000000014,82
CBShdInspired,Image remaining,171.80000000000015,0.5,172.30000000000015,82
CBShdInspired,Image remaining,172.35000000000016,0.5,172.85000000000016,82
CBShdInspired,Image remaining,172.90000000000018,0.3489999999997728,173.24899999999994,82
CBShdInspired,Image budget,166.0,0.5,166.5,83
CBShdInspired,Control,166.5,0.4,166.9,83
CBShdInspired,Comm,166.9,0.3,167.20000000000002,83
CBShdInspired,Image remaining,167.20000000000002,0.5,167.70000000000002,83
CBShdInspired,Image remaining,167.75000000000003,0.5,168.25000000000003,83
CBShdInspired,Image remaining,168.30000000000004,0.5,168.80000000000004,83
CBShdInspired,Image remaining,168.85000000000005,0.5,169.35000000000005,83
CBShdInspired,Image remaining,169.40000000000006,0.5,169.90000000000006,83
CBShdInspired,Image remaining,169.95000000000007,0.5,170.45000000000007,83
CBShdInspired,Image remaining,170.50000000000009,0.5,171.00000000000009,83
CBShdInspired,Image remaining,171.0500000000001,0.5,171.5500000000001,83
CBShdInspired,Image remaining,171.6000000000001,0.5,172.1000000000001,83
CBShdInspired,Image remaining,172.15000000000012,0.5,172.65000000000012,83
CBShdInspired,Image remaining,172.70000000000013,0.5,173.20000000000013,83
CBShdInspired,Image remaining,173.25000000000014,0.5,173.75000000000014,83
CBShdInspired,Image remaining,173.80000000000015,0.5,174.30000000000015,83
CBShdInspired,Image remaining,174.35000000000016,0.5,174.85000000000016,83
CBShdInspired,Image remaining,174.90000000000018,0.32050000000023005,175.2205000000004,83
CBShdInspired,Image budget,168.0,0.5,168.5,84
CBShdInspired,Control,168.5,0.4,168.9,84
CBShdInspired,Comm,168.9,0.3,169.20000000000002,84
CBShdInspired,Image remaining,169.20000000000002,0.5,169.70000000000002,84
CBShdInspired,Image remaining,169.75000000000003,0.5,170.25000000000003,84
CBShdInspired,Image remaining,170.30000000000004,0.5,170.80000000000004,84
CBShdInspired,Image remaining,170.85000000000005,0.5,171.35000000000005,84
CBShdInspired,Image remaining,171.40000000000006,0.5,171.90000000000006,84
CBShdInspired,Image remaining,171.95000000000007,0.5,172.45000000000007,84
CBShdInspired,Image remaining,172.50000000000009,0.5,173.00000000000009,84
CBShdInspired,Image remaining,173.0500000000001,0.5,173.5500000000001,84
CBShdInspired,Image remaining,173.6000000000001,0.5,174.1000000000001,84
CBShdInspired,Image remaining,174.15000000000012,0.5,174.65000000000012,84
CBShdInspired,Image remaining,174.70000000000013,0.5,175.20000000000013,84
CBShdInspired,Image remaining,175.25000000000014,0.5,175.75000000000014,84
CBShdInspired,Image remaining,175.80000000000015,0.5,176.30000000000015,84
CBShdInspired,Image remaining,176.35000000000016,0.5,176.85000000000016,84
CBShdInspired,Image remaining,176.90000000000018,0.40099999999993585,177.3010000000001,84
CBShdInspired,Image budget,170.0,0.5,170.5,85
CBShdInspired,Control,170.5,0.4,170.9,85
CBShdInspired,Comm,170.9,0.3,171.20000000000002,85
CBShdInspired,Image remaining,171.20000000000002,0.5,171.70000000000002,85
CBShdInspired,Image remaining,171.75000000000003,0.5,172.25000000000003,85
CBShdInspired,Image remaining,172.30000000000004,0.5,172.80000000000004,85
CBShdInspired,Image remaining,172.85000000000005,0.5,173.35000000000005,85
CBShdInspired,Image remaining,173.40000000000006,0.5,173.90000000000006,85
CBShdInspired,Image remaining,173.95000000000007,0.5,174.45000000000007,85
CBShdInspired,Image remaining,174.50000000000009,0.5,175.00000000000009,85
CBShdInspired,Image remaining,175.0500000000001,0.5,175.5500000000001,85
CBShdInspired,Image remaining,175.6000000000001,0.5,176.1000000000001,85
CBShdInspired,Image remaining,176.15000000000012,0.5,176.65000000000012,85
CBShdInspired,Image remaining,176.70000000000013,0.5,177.20000000000013,85
CBShdInspired,Image remaining,177.25000000000014,0.5,177.75000000000014,85
CBShdInspired,Image remaining,177.80000000000015,0.5,178.30000000000015,85
CBShdInspired,Image remaining,178.35000000000016,0.5,178.85000000000016,85
CBShdInspired,Image remaining,178.90000000000018,0.3021999999999814,179.20220000000015,85
CBShdInspired,Image budget,172.0,0.5,172.5,86
CBShdInspired,Control,172.5,0.4,172.9,86
CBShdInspired,Comm,172.9,0.3,173.20000000000002,86
CBShdInspired,Image remaining,173.20000000000002,0.5,173.70000000000002,86
CBShdInspired,Image remaining,173.75000000000003,0.5,174.25000000000003,86
CBShdInspired,Image remaining,174.30000000000004,0.5,174.80000000000004,86
CBShdInspired,Image remaining,174.85000000000005,0.5,175.35000000000005,86
CBShdInspired,Image remaining,175.40000000000006,0.5,175.90000000000006,86
CBShdInspired,Image remaining,175.95000000000007,0.5,176.45000000000007,86
CBShdInspired,Image remaining,176.50000000000009,0.5,177.00000000000009,86
CBShdInspired,Image remaining,177.0500000000001,0.5,177.5500000000001,86
CBShdInspired,Image remaining,177.6000000000001,0.5,178.1000000000001,86
CBShdInspired,Image remaining,178.15000000000012,0.5,178.65000000000012,86
CBShdInspired,Image remaining,178.70000000000013,0.5,179.20000000000013,86
CBShdInspired,Image remaining,179.25000000000014,0.5,179.75000000000014,86
CBShdInspired,Image remaining,179.80000000000015,0.5,180.30000000000015,86
CBShdInspired,Image remaining,180.35000000000016,0.5,180.85000000000016,86
CBShdInspired,Image remaining,180.90000000000018,0.5,181.40000000000018,86
CBShdInspired,Image remaining,181.4500000000002,0.4060999999997499,181.85609999999994,86
CBShdInspired,Image budget,174.0,0.5,174.5,87
CBShdInspired,Control,174.5,0.4,174.9,87
CBShdInspired,Comm,174.9,0.3,175.20000000000002,87
CBShdInspired,Image remaining,175.20000000000002,0.5,175.70000000000002,87
CBShdInspired,Image remaining,175.75000000000003,0.5,176.25000000000003,87
CBShdInspired,Image remaining,176.30000000000004,0.5,176.80000000000004,87
CBShdInspired,Image remaining,176.85000000000005,0.5,177.35000000000005,87
CBShdInspired,Image remaining,177.40000000000006,0.5,177.90000000000006,87
CBShdInspired,Image remaining,177.95000000000007,0.5,178.45000000000007,87
CBShdInspired,Image remaining,178.50000000000009,0.5,179.00000000000009,87
CBShdInspired,Image remaining,179.0500000000001,0.5,179.5500000000001,87
CBShdInspired,Image remaining,179.6000000000001,0.5,180.1000000000001,87
CBShdInspired,Image remaining,180.15000000000012,0.5,180.65000000000012,87
CBShdInspired,Image remaining,180.70000000000013,0.5,181.20000000000013,87
CBShdInspired,Image remaining,181.25000000000014,0.5,181.75000000000014,87
CBShdInspired,Image remaining,181.80000000000015,0.5,182.30000000000015,87
CBShdInspired,Image remaining,182.35000000000016,0.5,182.85000000000016,87
CBShdInspired,Image remaining,182.90000000000018,0.32019999999983284,183.2202,87
CBShdInspired,Image budget,176.0,0.5,176.5,88
CBShdInspired,Control,176.5,0.4,176.9,88
CBShdInspired,Comm,176.9,0.3,177.20000000000002,88
CBShdInspired,Image remaining,177.20000000000002,0.5,177.70000000000002,88
CBShdInspired,Image remaining,177.75000000000003,0.5,178.25000000000003,88
CBShdInspired,Image remaining,178.30000000000004,0.5,178.80000000000004,88
CBShdInspired,Image remaining,178.85000000000005,0.5,179.35000000000005,88
CBShdInspired,Image remaining,179.40000000000006,0.5,179.90000000000006,88
CBShdInspired,Image remaining,179.95000000000007,0.5,180.45000000000007,88
CBShdInspired,Image remaining,180.50000000000009,0.5,181.00000000000009,88
CBShdInspired,Image remaining,181.0500000000001,0.5,181.5500000000001,88
CBShdInspired,Image remaining,181.6000000000001,0.5,182.1000000000001,88
CBShdInspired,Image remaining,182.15000000000012,0.5,182.65000000000012,88
CBShdInspired,Image remaining,182.70000000000013,0.5,183.20000000000013,88
CBShdInspired,Image remaining,183.25000000000014,0.5,183.75000000000014,88
CBShdInspired,Image remaining,183.80000000000015,0.5,184.30000000000015,88
CBShdInspired,Image remaining,184.35000000000016,0.5,184.85000000000016,88
CBShdInspired,Image remaining,184.90000000000018,0.17110000000004177,185.07110000000023,88
CBShdInspired,Image budget,178.0,0.5,178.5,89
CBShdInspired,Control,178.5,0.4,178.9,89
CBShdInspired,Comm,178.9,0.3,179.20000000000002,89
CBShdInspired,Image remaining,179.20000000000002,0.5,179.70000000000002,89
CBShdInspired,Image remaining,179.75000000000003,0.5,180.25000000000003,89
CBShdInspired,Image remaining,180.30000000000004,0.5,180.80000000000004,89
CBShdInspired,Image remaining,180.85000000000005,0.5,181.35000000000005,89
CBShdInspired,Image remaining,181.40000000000006,0.5,181.90000000000006,89
CBShdInspired,Image remaining,181.95000000000007,0.5,182.45000000000007,89
CBShdInspired,Image remaining,182.50000000000009,0.5,183.00000000000009,89
CBShdInspired,Image remaining,183.0500000000001,0.5,183.5500000000001,89
CBShdInspired,Image remaining,183.6000000000001,0.5,184.1000000000001,89
CBShdInspired,Image remaining,184.15000000000012,0.5,184.65000000000012,89
CBShdInspired,Image remaining,184.70000000000013,0.5,185.20000000000013,89
CBShdInspired,Image remaining,185.25000000000014,0.5,185.75000000000014,89
CBShdInspired,Image remaining,185.80000000000015,0.5,186.30000000000015,89
CBShdInspired,Image remaining,186.35000000000016,0.5,186.85000000000016,89
CBShdInspired,Image remaining,186.90000000000018,0.27779999999994587,187.17780000000013,89
CBShdInspired,Image budget,180.0,0.5,180.5,90
CBShdInspired,Control,180.5,0.4,180.9,90
CBShdInspired,Comm,180.9,0.3,181.20000000000002,90
CBShdInspired,Image remaining,181.20000000000002,0.5,181.70000000000002,90
CBShdInspired,Image remaining,181.75000000000003,0.5,182.25000000000003,90
CBShdInspired,Image remaining,182.30000000000004,0.5,182.80000000000004,90
CBShdInspired,Image remaining,182.85000000000005,0.5,183.35000000000005,90
CBShdInspired,Image remaining,183.40000000000006,0.5,183.90000000000006,90
CBShdInspired,Image remaining,183.95000000000007,0.5,184.45000000000007,90
CBShdInspired,Image remaining,184.50000000000009,0.5,185.00000000000009,90
CBShdInspired,Image remaining,185.0500000000001,0.5,185.5500000000001,90
CBShdInspired,Image remaining,185.6000000000001,0.5,186.1000000000001,90
CBShdInspired,Image remaining,186.15000000000012,0.5,186.65000000000012,90
CBShdInspired,Image remaining,186.70000000000013,0.5,187.20000000000013,90
CBShdInspired,Image remaining,187.25000000000014,0.5,187.75000000000014,90
CBShdInspired,Image remaining,187.80000000000015,0.5,188.30000000000015,90
CBShdInspired,Image remaining,188.35000000000016,0.5,188.85000000000016,90
CBShdInspired,Image remaining,188.90000000000018,0.3246000000001814,189.22460000000035,90
CBShdInspired,Image budget,182.0,0.5,182.5,91
CBShdInspired,Control,182.5,0.4,182.9,91
CBShdInspired,Comm,182.9,0.3,183.20000000000002,91
CBShdInspired,Image remaining,183.20000000000002,0.5,183.70000000000002,91
CBShdInspired,Image remaining,183.75000000000003,0.5,184.25000000000003,91
CBShdInspired,Image remaining,184.30000000000004,0.5,184.80000000000004,91
CBShdInspired,Image remaining,184.85000000000005,0.5,185.35000000000005,91
CBShdInspired,Image remaining,185.40000000000006,0.5,185.90000000000006,91
CBShdInspired,Image remaining,185.95000000000007,0.5,186.45000000000007,91
CBShdInspired,Image remaining,186.50000000000009,0.5,187.00000000000009,91
CBShdInspired,Image remaining,187.0500000000001,0.5,187.5500000000001,91
CBShdInspired,Image remaining,187.6000000000001,0.5,188.1000000000001,91
CBShdInspired,Image remaining,188.15000000000012,0.5,188.65000000000012,91
CBShdInspired,Image remaining,188.70000000000013,0.5,189.20000000000013,91
CBShdInspired,Image remaining,189.25000000000014,0.5,189.75000000000014,91
CBShdInspired,Image remaining,189.80000000000015,0.5,190.30000000000015,91
CBShdInspired,Image remaining,190.35000000000016,0.5,190.85000000000016,91
CBShdInspired,Image remaining,190.90000000000018,0.5,191.40000000000018,91
CBShdInspired,Image remaining,191.4500000000002,0.39480000000003557,191.84480000000022,91
CBShdInspired,Image budget,184.0,0.5,184.5,92
CBShdInspired,Control,184.5,0.4,184.9,92
CBShdInspired,Comm,184.9,0.3,185.20000000000002,92
CBShdInspired,Image remaining,185.20000000000002,0.5,185.70000000000002,92
CBShdInspired,Image remaining,185.75000000000003,0.5,186.25000000000003,92
CBShdInspired,Image remaining,186.30000000000004,0.5,186.80000000000004,92
CBShdInspired,Image remaining,186.85000000000005,0.5,187.35000000000005,92
CBShdInspired,Image remaining,187.40000000000006,0.5,187.90000000000006,92
CBShdInspired,Image remaining,187.95000000000007,0.5,188.45000000000007,92
CBShdInspired,Image remaining,188.50000000000009,0.5,189.00000000000009,92
CBShdInspired,Image remaining,189.0500000000001,0.5,189.5500000000001,92
CBShdInspired,Image remaining,189.6000000000001,0.5,190.1000000000001,92
CBShdInspired,Image remaining,190.15000000000012,0.5,190.65000000000012,92
CBShdInspired,Image remaining,190.70000000000013,0.5,191.20000000000013,92
CBShdInspired,Image remaining,191.25000000000014,0.5,191.75000000000014,92
CBShdInspired,Image remaining,191.80000000000015,0.5,192.30000000000015,92
CBShdInspired,Image remaining,192.35000000000016,0.5,192.85000000000016,92
CBShdInspired,Image remaining,192.90000000000018,0.32229999999994874,193.22230000000013,92
CBShdInspired,Image budget,186.0,0.5,186.5,93
CBShdInspired,Control,186.5,0.4,186.9,93
CBShdInspired,Comm,186.9,0.3,187.20000000000002,93
CBShdInspired,Image remaining,187.20000000000002,0.5,187.70000000000002,93
CBShdInspired,Image remaining,187.75000000000003,0.5,188.25000000000003,93
CBShdInspired,Image remaining,188.30000000000004,0.5,188.80000000000004,93
CBShdInspired,Image remaining,188.85000000000005,0.5,189.35000000000005,93
CBShdInspired,Image remaining,189.40000000000006,0.5,189.90000000000006,93
CBShdInspired,Image remaining,189.95000000000007,0.5,190.45000000000007,93
CBShdInspired,Image remaining,190.50000000000009,0.5,191.00000000000009,93
CBShdInspired,Image remaining,191.0500000000001,0.5,191.5500000000001,93
CBShdInspired,Image remaining,191.6000000000001,0.5,192.1000000000001,93
CBShdInspired,Image remaining,192.15000000000012,0.5,192.65000000000012,93
CBShdInspired,Image remaining,192.70000000000013,0.5,193.20000000000013,93
CBShdInspired,Image remaining,193.25000000000014,0.5,193.75000000000014,93
CBShdInspired,Image remaining,193.80000000000015,0.5,194.30000000000015,93
CBShdInspired,Image remaining,194.35000000000016,0.5,194.85000000000016,93
CBShdInspired,Image remaining,194.90000000000018,0.41409999999981295,195.3141,93
CBShdInspired,Image budget,188.0,0.5,188.5,94
CBShdInspired,Control,188.5,0.4,188.9,94
CBShdInspired,Comm,188.9,0.3,189.20000000000002,94
CBShdInspired,Image remaining,189.20000000000002,0.5,189.70000000000002,94
CBShdInspired,Image remaining,189.75000000000003,0.5,190.25000000000003,94
CBShdInspired,Image remaining,190.30000000000004,0.5,190.80000000000004,94
CBShdInspired,Image remaining,190.85000000000005,0.5,191.35000000000005,94
CBShdInspired,Image remaining,191.40000000000006,0.5,191.90000000000006,94
CBShdInspired,Image remaining,191.95000000000007,0.5,192.45000000000007,94
CBShdInspired,Image remaining,192.50000000000009,0.5,193.00000000000009,94
CBShdInspired,Image remaining,193.0500000000001,0.5,193.5500000000001,94
CBShdInspired,Image remaining,193.6000000000001,0.5,194.1000000000001,94
CBShdInspired,Image remaining,194.15000000000012,0.5,194.65000000000012,94
CBShdInspired,Image remaining,194.70000000000013,0.5,195.20000000000013,94
CBShdInspired,Image remaining,195.25000000000014,0.5,195.75000000000014,94
CBShdInspired,Image remaining,195.80000000000015,0.5,196.30000000000015,94
CBShdInspired,Image remaining,196.35000000000016,0.5,196.85000000000016,94
CBShdInspired,Image remaining,196.90000000000018,0.3835999999999906,197.28360000000018,94
CBShdInspired,Image budget,190.0,0.5,190.5,95
CBShdInspired,Control,190.5,0.4,190.9,95
CBShdInspired,Comm,190.9,0.3,191.20000000000002,95
CBShdInspired,Image remaining,191.20000000000002,0.5,191.70000000000002,95
CBShdInspired,Image remaining,191.75000000000003,0.5,192.25000000000003,95
CBShdInspired,Image remaining,192.30000000000004,0.5,192.80000000000004,95
CBShdInspired,Image remaining,192.85000000000005,0.5,193.35000000000005,95
CBShdInspired,Image remaining,193.40000000000006,0.5,193.90000000000006,95
CBShdInspired,Image remaining,193.95000000000007,0.5,194.45000000000007,95
CBShdInspired,Image remaining,194.50000000000009,0.5,195.00000000000009,95
CBShdInspired,Image remaining,195.0500000000001,0.5,195.5500000000001,95
CBShdInspired,Image remaining,195.6000000000001,0.5,196.1000000000001,95
CBShdInspired,Image remaining,196.15000000000012,0.5,196.65000000000012,95
CBShdInspired,Image remaining,196.70000000000013,0.5,197.20000000000013,95
CBShdInspired,Image remaining,197.25000000000014,0.5,197.75000000000014,95
CBShdInspired,Image remaining,197.80000000000015,0.5,198.30000000000015,95
CBShdInspired,Image remaining,198.35000000000016,0.5,198.85000000000016,95
CBShdInspired,Image remaining,198.90000000000018,0.2638000000002094,199.16380000000038,95
CBShdInspired,Image budget,192.0,0.5,192.5,96
CBShdInspired,Control,192.5,0.4,192.9,96
CBShdInspired,Comm,192.9,0.3,193.20000000000002,96
CBShdInspired,Image remaining,193.20000000000002,0.5,193.70000000000002,96
CBShdInspired,Image remaining,193.75000000000003,0.5,194.25000000000003,96
CBShdInspired,Image remaining,194.30000000000004,0.5,194.80000000000004,96
CBShdInspired,Image remaining,194.85000000000005,0.5,195.35000000000005,96
CBShdInspired,Image remaining,195.40000000000006,0.5,195.90000000000006,96
CBShdInspired,Image remaining,195.95000000000007,0.5,196.45000000000007,96
CBShdInspired,Image remaining,196.50000000000009,0.5,197.00000000000009,96
CBShdInspired,Image remaining,197.0500000000001,0.5,197.5500000000001,96
CBShdInspired,Image remaining,197.6000000000001,0.5,198.1000000000001,96
CBShdInspired,Image remaining,198.15000000000012,0.5,198.65000000000012,96
CBShdInspired,Image remaining,198.70000000000013,0.5,199.20000000000013,96
CBShdInspired,Image remaining,199.25000000000014,0.5,199.75000000000014,96
CBShdInspired,Image remaining,199.80000000000015,0.5,200.30000000000015,96
CBShdInspired,Image remaining,200.35000000000016,0.5,200.85000000000016,96
CBShdInspired,Image remaining,200.90000000000018,0.4574999999998397,201.35750000000002,96
CBShdInspired,Image budget,194.0,0.5,194.5,97
CBShdInspired,Control,194.5,0.4,194.9,97
CBShdInspired,Comm,194.9,0.3,195.20000000000002,97
CBShdInspired,Image remaining,195.20000000000002,0.5,195.70000000000002,97
CBShdInspired,Image remaining,195.75000000000003,0.5,196.25000000000003,97
CBShdInspired,Image remaining,196.30000000000004,0.5,196.80000000000004,97
CBShdInspired,Image remaining,196.85000000000005,0.5,197.35000000000005,97
CBShdInspired,Image remaining,197.40000000000006,0.5,197.90000000000006,97
CBShdInspired,Image remaining,197.95000000000007,0.5,198.45000000000007,97
CBShdInspired,Image remaining,198.50000000000009,0.5,199.00000000000009,97
CBShdInspired,Image remaining,199.0500000000001,0.5,199.5500000000001,97
CBShdInspired,Image remaining,199.6000000000001,0.5,200.1000000000001,97
CBShdInspired,Image remaining,200.15000000000012,0.5,200.65000000000012,97
CBShdInspired,Image remaining,200.70000000000013,0.5,201.20000000000013,97
CBShdInspired,Image remaining,201.25000000000014,0.5,201.75000000000014,97
CBShdInspired,Image remaining,201.80000000000015,0.5,202.30000000000015,97
CBShdInspired,Image remaining,202.35000000000016,0.5,202.85000000000016,97
CBShdInspired,Image remaining,202.90000000000018,0.1140000000002317,203.0140000000004,97
CBShdInspired,Image budget,196.0,0.5,196.5,98
CBShdInspired,Control,196.5,0.4,196.9,98
CBShdInspired,Comm,196.9,0.3,197.20000000000002,98
CBShdInspired,Image remaining,197.20000000000002,0.5,197.70000000000002,98
CBShdInspired,Image remaining,197.75000000000003,0.5,198.25000000000003,98
CBShdInspired,Image remaining,198.30000000000004,0.5,198.80000000000004,98
CBShdInspired,Image remaining,198.85000000000005,0.5,199.35000000000005,98
CBShdInspired,Image remaining,199.40000000000006,0.5,199.90000000000006,98
CBShdInspired,Image remaining,199.95000000000007,0.5,200.45000000000007,98
CBShdInspired,Image remaining,200.50000000000009,0.5,201.00000000000009,98
CBShdInspired,Image remaining,201.0500000000001,0.5,201.5500000000001,98
CBShdInspired,Image remaining,201.6000000000001,0.5,202.1000000000001,98
CBShdInspired,Image remaining,202.15000000000012,0.5,202.65000000000012,98
CBShdInspired,Image remaining,202.70000000000013,0.5,203.20000000000013,98
CBShdInspired,Image remaining,203.25000000000014,0.5,203.75000000000014,98
CBShdInspired,Image remaining,203.80000000000015,0.5,204.30000000000015,98
CBShdInspired,Image remaining,204.35000000000016,0.5,204.85000000000016,98
CBShdInspired,Image remaining,204.90000000000018,0.4446999999999157,205.3447000000001,98
CBShdInspired,Image budget,198.0,0.5,198.5,99
CBShdInspired,Control,198.5,0.4,198.9,99
CBShdInspired,Comm,198.9,0.3,199.20000000000002,99
CBShdInspired,Image remaining,199.20000000000002,0.5,199.70000000000002,99
CBShdInspired,Image remaining,199.75000000000003,0.5,200.25000000000003,99
CBShdInspired,Image remaining,200.30000000000004,0.5,200.80000000000004,99
CBShdInspired,Image remaining,200.85000000000005,0.5,201.35000000000005,99
CBShdInspired,Image remaining,201.40000000000006,0.5,201.90000000000006,99
CBShdInspired,Image remaining,201.95000000000007,0.5,202.45000000000007,99
CBShdInspired,Image remaining,202.50000000000009,0.5,203.00000000000009,99
CBShdInspired,Image remaining,203.0500000000001,0.5,203.5500000000001,99
CBShdInspired,Image remaining,203.6000000000001,0.5,204.1000000000001,99
CBShdInspired,Image remaining,204.15000000000012,0.5,204.65000000000012,99
CBShdInspired,Image remaining,204.70000000000013,0.5,205.20000000000013,99
CBShdInspired,Image remaining,205.25000000000014,0.5,205.75000000000014,99
CBShdInspired,Image remaining,205.80000000000015,0.5,206.30000000000015,99
CBShdInspired,Image remaining,206.35000000000016,0.5,206.85000000000016,99
CBShdInspired,Image remaining,206.90000000000018,0.09069999999972822,206.9906999999999,99
CBShdInspired,Image budget,200.0,0.5,200.5,100
CBShdInspired,Control,200.5,0.4,200.9,100
CBShdInspired,Comm,200.9,0.3,201.20000000000002,100
CBShdInspired,Image remaining,201.20000000000002,0.5,201.70000000000002,100
CBShdInspired,Image remaining,201.75000000000003,0.5,202.25000000000003,100
CBShdInspired,Image remaining,202.30000000000004,0.5,202.80000000000004,100
CBShdInspired,Image remaining,202.85000000000005,0.5,203.35000000000005,100
CBShdInspired,Image remaining,203.40000000000006,0.5,203.90000000000006,100
CBShdInspired,Image remaining,203.95000000000007,0.5,204.45000000000007,100
CBShdInspired,Image remaining,204.50000000000009,0.5,205.00000000000009,100
CBShdInspired,Image remaining,205.0500000000001,0.5,205.5500000000001,100
CBShdInspired,Image remaining,205.6000000000001,0.5,206.1000000000001,100
CBShdInspired,Image remaining,206.15000000000012,0.5,206.65000000000012,100
CBShdInspired,Image remaining,206.70000000000013,0.5,207.20000000000013,100
CBShdInspired,Image remaining,207.25000000000014,0.5,207.75000000000014,100
CBShdInspired,Image remaining,207.80000000000015,0.5,208.30000000000015,100
CBShdInspired,Image remaining,208.35000000000016,0.5,208.85000000000016,100
CBShdInspired,Image remaining,208.90000000000018,0.14710000000023982,209.04710000000043,100
CBShdInspired,Image budget,202.0,0.5,202.5,101
CBShdInspired,Control,202.5,0.4,202.9,101
CBShdInspired,Comm,202.9,0.3,203.20000000000002,101
CBShdInspired,Image remaining,203.20000000000002,0.5,203.70000000000002,101
CBShdInspired,Image remaining,203.75000000000003,0.5,204.25000000000003,101
CBShdInspired,Image remaining,204.30000000000004,0.5,204.80000000000004,101
CBShdInspired,Image remaining,204.85000000000005,0.5,205.35000000000005,101
CBShdInspired,Image remaining,205.40000000000006,0.5,205.90000000000006,101
CBShdInspired,Image remaining,205.95000000000007,0.5,206.45000000000007,101
CBShdInspired,Image remaining,206.50000000000009,0.5,207.00000000000009,101
CBShdInspired,Image remaining,207.0500000000001,0.5,207.5500000000001,101
CBShdInspired,Image remaining,207.6000000000001,0.5,208.1000000000001,101
CBShdInspired,Image remaining,208.15000000000012,0.5,208.65000000000012,101
CBShdInspired,Image remaining,208.70000000000013,0.5,209.20000000000013,101
CBShdInspired,Image remaining,209.25000000000014,0.5,209.75000000000014,101
CBShdInspired,Image remaining,209.80000000000015,0.5,210.30000000000015,101
CBShdInspired,Image remaining,210.35000000000016,0.5,210.85000000000016,101
CBShdInspired,Image remaining,210.90000000000018,0.32389999999999475,211.22390000000019,101
CBShdInspired,Image budget,204.0,0.5,204.5,102
CBShdInspired,Control,204.5,0.4,204.9,102
CBShdInspired,Comm,204.9,0.3,205.20000000000002,102
CBShdInspired,Image remaining,205.20000000000002,0.5,205.70000000000002,102
CBShdInspired,Image remaining,205.75000000000003,0.5,206.25000000000003,102
CBShdInspired,Image remaining,206.30000000000004,0.5,206.80000000000004,102
CBShdInspired,Image remaining,206.85000000000005,0.5,207.35000000000005,102
CBShdInspired,Image remaining,207.40000000000006,0.5,207.90000000000006,102
CBShdInspired,Image remaining,207.95000000000007,0.5,208.45000000000007,102
CBShdInspired,Image remaining,208.50000000000009,0.5,209.00000000000009,102
CBShdInspired,Image remaining,209.0500000000001,0.5,209.5500000000001,102
CBShdInspired,Image remaining,209.6000000000001,0.5,210.1000000000001,102
CBShdInspired,Image remaining,210.15000000000012,0.5,210.65000000000012,102
CBShdInspired,Image remaining,210.70000000000013,0.5,211.20000000000013,102
CBShdInspired,Image remaining,211.25000000000014,0.5,211.75000000000014,102
CBShdInspired,Image remaining,211.80000000000015,0.5,212.30000000000015,102
CBShdInspired,Image remaining,212.35000000000016,0.5,212.85000000000016,102
CBShdInspired,Image remaining,212.90000000000018,0.1899999999997526,213.08999999999992,102
CBShdInspired,Image budget,206.0,0.5,206.5,103
CBShdInspired,Control,206.5,0.4,206.9,103
CBShdInspired,Comm,206.9,0.3,207.20000000000002,103
CBShdInspired,Image remaining,207.20000000000002,0.5,207.70000000000002,103
CBShdInspired,Image remaining,207.75000000000003,0.5,208.25000000000003,103
CBShdInspired,Image remaining,208.30000000000004,0.5,208.80000000000004,103
CBShdInspired,Image remaining,208.85000000000005,0.5,209.35000000000005,103
CBShdInspired,Image remaining,209.40000000000006,0.5,209.90000000000006,103
CBShdInspired,Image remaining,209.95000000000007,0.5,210.45000000000007,103
CBShdInspired,Image remaining,210.50000000000009,0.5,211.00000000000009,103
CBShdInspired,Image remaining,211.0500000000001,0.5,211.5500000000001,103
CBShdInspired,Image remaining,211.6000000000001,0.5,212.1000000000001,103
CBShdInspired,Image remaining,212.15000000000012,0.5,212.65000000000012,103
CBShdInspired,Image remaining,212.70000000000013,0.5,213.20000000000013,103
CBShdInspired,Image remaining,213.25000000000014,0.5,213.75000000000014,103
CBShdInspired,Image remaining,213.80000000000015,0.5,214.30000000000015,103
CBShdInspired,Image remaining,214.35000000000016,0.5,214.85000000000016,103
CBShdInspired,Image remaining,214.90000000000018,0.45339999999988834,215.35340000000008,103
CBShdInspired,Image budget,208.0,0.5,208.5,104
CBShdInspired,Control,208.5,0.4,208.9,104
CBShdInspired,Comm,208.9,0.3,209.20000000000002,104
CBShdInspired,Image remaining,209.20000000000002,0.5,209.70000000000002,104
CBShdInspired,Image remaining,209.75000000000003,0.5,210.25000000000003,104
CBShdInspired,Image remaining,210.30000000000004,0.5,210.80000000000004,104
CBShdInspired,Image remaining,210.85000000000005,0.5,211.35000000000005,104
CBShdInspired,Image remaining,211.40000000000006,0.5,211.90000000000006,104
CBShdInspired,Image remaining,211.95000000000007,0.5,212.45000000000007,104
CBShdInspired,Image remaining,212.50000000000009,0.5,213.00000000000009,104
CBShdInspired,Image remaining,213.0500000000001,0.5,213.5500000000001,104
CBShdInspired,Image remaining,213.6000000000001,0.5,214.1000000000001,104
CBShdInspired,Image remaining,214.15000000000012,0.5,214.65000000000012,104
CBShdInspired,Image remaining,214.70000000000013,0.5,215.20000000000013,104
CBShdInspired,Image remaining,215.25000000000014,0.5,215.75000000000014,104
CBShdInspired,Image remaining,215.80000000000015,0.5,216.30000000000015,104
CBShdInspired,Image remaining,216.35000000000016,0.5,216.85000000000016,104
CBShdInspired,Image remaining,216.90000000000018,0.3474000000001709,217.24740000000034,104
CBShdInspired,Image budget,210.0,0.5,210.5,105
CBShdInspired,Control,210.5,0.4,210.9,105
CBShdInspired,Comm,210.9,0.3,211.20000000000002,105
CBShdInspired,Image remaining,211.20000000000002,0.5,211.70000000000002,105
CBShdInspired,Image remaining,211.75000000000003,0.5,212.25000000000003,105
CBShdInspired,Image remaining,212.30000000000004,0.5,212.80000000000004,105
CBShdInspired,Image remaining,212.85000000000005,0.5,213.35000000000005,105
CBShdInspired,Image remaining,213.40000000000006,0.5,213.90000000000006,105
CBShdInspired,Image remaining,213.95000000000007,0.5,214.45000000000007,105
CBShdInspired,Image remaining,214.50000000000009,0.5,215.00000000000009,105
CBShdInspired,Image remaining,215.0500000000001,0.5,215.5500000000001,105
CBShdInspired,Image remaining,215.6000000000001,0.5,216.1000000000001,105
CBShdInspired,Image remaining,216.15000000000012,0.5,216.65000000000012,105
CBShdInspired,Image remaining,216.70000000000013,0.5,217.20000000000013,105
CBShdInspired,Image remaining,217.25000000000014,0.5,217.75000000000014,105
CBShdInspired,Image remaining,217.80000000000015,0.5,218.30000000000015,105
CBShdInspired,Image remaining,218.35000000000016,0.5,218.85000000000016,105
CBShdInspired,Image remaining,218.90000000000018,0.12689999999999202,219.02690000000018,105
CBShdInspired,Image budget,212.0,0.5,212.5,106
CBShdInspired,Control,212.5,0.4,212.9,106
CBShdInspired,Comm,212.9,0.3,213.20000000000002,106
CBShdInspired,Image remaining,213.20000000000002,0.5,213.70000000000002,106
CBShdInspired,Image remaining,213.75000000000003,0.5,214.25000000000003,106
CBShdInspired,Image remaining,214.30000000000004,0.5,214.80000000000004,106
CBShdInspired,Image remaining,214.85000000000005,0.5,215.35000000000005,106
CBShdInspired,Image remaining,215.40000000000006,0.5,215.90000000000006,106
CBShdInspired,Image remaining,215.95000000000007,0.5,216.45000000000007,106
CBShdInspired,Image remaining,216.50000000000009,0.5,217.00000000000009,106
CBShdInspired,Image remaining,217.0500000000001,0.5,217.5500000000001,106
CBShdInspired,Image remaining,217.6000000000001,0.5,218.1000000000001,106
CBShdInspired,Image remaining,218.15000000000012,0.5,218.65000000000012,106
CBShdInspired,Image remaining,218.70000000000013,0.5,219.20000000000013,106
CBShdInspired,Image remaining,219.25000000000014,0.5,219.75000000000014,106
CBShdInspired,Image remaining,219.80000000000015,0.5,220.30000000000015,106
CBShdInspired,Image remaining,220.35000000000016,0.5,220.85000000000016,106
CBShdInspired,Image remaining,220.90000000000018,0.5,221.40000000000018,106
CBShdInspired,Image remaining,221.4500000000002,0.10550000000009874,221.55550000000028,106
CBShdInspired,Image budget,214.0,0.5,214.5,107
CBShdInspired,Control,214.5,0.4,214.9,107
CBShdInspired,Comm,214.9,0.3,215.20000000000002,107
CBShdInspired,Image remaining,215.20000000000002,0.5,215.70000000000002,107
CBShdInspired,Image remaining,215.75000000000003,0.5,216.25000000000003,107
CBShdInspired,Image remaining,216.30000000000004,0.5,216.80000000000004,107
CBShdInspired,Image remaining,216.85000000000005,0.5,217.35000000000005,107
CBShdInspired,Image remaining,217.40000000000006,0.5,217.90000000000006,107
CBShdInspired,Image remaining,217.95000000000007,0.5,218.45000000000007,107
CBShdInspired,Image remaining,218.50000000000009,0.5,219.00000000000009,107
CBShdInspired,Image remaining,219.0500000000001,0.5,219.5500000000001,107
CBShdInspired,Image remaining,219.6000000000001,0.5,220.1000000000001,107
CBShdInspired,Image remaining,220.15000000000012,0.5,220.65000000000012,107
CBShdInspired,Image remaining,220.70000000000013,0.5,221.20000000000013,107
CBShdInspired,Image remaining,221.25000000000014,0.5,221.75000000000014,107
CBShdInspired,Image remaining,221.80000000000015,0.5,222.30000000000015,107
CBShdInspired,Image remaining,222.35000000000016,0.5,222.85000000000016,107
CBShdInspired,Image remaining,222.90000000000018,0.10329999999997952,223.00330000000017,107
CBShdInspired,Image budget,216.0,0.5,216.5,108
CBShdInspired,Control,216.5,0.4,216.9,108
CBShdInspired,Comm,216.9,0.3,217.20000000000002,108
CBShdInspired,Image remaining,217.20000000000002,0.5,217.70000000000002,108
CBShdInspired,Image remaining,217.75000000000003,0.5,218.25000000000003,108
CBShdInspired,Image remaining,218.30000000000004,0.5,218.80000000000004,108
CBShdInspired,Image remaining,218.85000000000005,0.5,219.35000000000005,108
CBShdInspired,Image remaining,219.40000000000006,0.5,219.90000000000006,108
CBShdInspired,Image remaining,219.95000000000007,0.5,220.45000000000007,108
CBShdInspired,Image remaining,220.50000000000009,0.5,221.00000000000009,108
CBShdInspired,Image remaining,221.0500000000001,0.5,221.5500000000001,108
CBShdInspired,Image remaining,221.6000000000001,0.5,222.1000000000001,108
CBShdInspired,Image remaining,222.15000000000012,0.5,222.65000000000012,108
CBShdInspired,Image remaining,222.70000000000013,0.5,223.20000000000013,108
CBShdInspired,Image remaining,223.25000000000014,0.5,223.75000000000014,108
CBShdInspired,Image remaining,223.80000000000015,0.5,224.30000000000015,108
CBShdInspired,Image remaining,224.35000000000016,0.5,224.85000000000016,108
CBShdInspired,Image remaining,224.90000000000018,0.48539999999992034,225.3854000000001,108
CBShdInspired,Image budget,218.0,0.5,218.5,109
CBShdInspired,Control,218.5,0.4,218.9,109
CBShdInspired,Comm,218.9,0.3,219.20000000000002,109
CBShdInspired,Image remaining,219.20000000000002,0.5,219.70000000000002,109
CBShdInspired,Image remaining,219.75000000000003,0.5,220.25000000000003,109
CBShdInspired,Image remaining,220.30000000000004,0.5,220.80000000000004,109
CBShdInspired,Image remaining,220.85000000000005,0.5,221.35000000000005,109
CBShdInspired,Image remaining,221.40000000000006,0.5,221.90000000000006,109
CBShdInspired,Image remaining,221.95000000000007,0.5,222.45000000000007,109
CBShdInspired,Image remaining,222.50000000000009,0.5,223.00000000000009,109
CBShdInspired,Image remaining,223.0500000000001,0.5,223.5500000000001,109
CBShdInspired,Image remaining,223.6000000000001,0.5,224.1000000000001,109
CBShdInspired,Image remaining,224.15000000000012,0.5,224.65000000000012,109
CBShdInspired,Image remaining,224.70000000000013,0.5,225.20000000000013,109
CBShdInspired,Image remaining,225.25000000000014,0.5,225.75000000000014,109
CBShdInspired,Image remaining,225.80000000000015,0.5,226.30000000000015,109
CBShdInspired,Image remaining,226.35000000000016,0.5,226.85000000000016,109
CBShdInspired,Image remaining,226.90000000000018,0.24490000000005452,227.14490000000023,109
CBShdInspired,Image budget,220.0,0.5,220.5,110
CBShdInspired,Control,220.5,0.4,220.9,110
CBShdInspired,Comm,220.9,0.3,221.20000000000002,110
CBShdInspired,Image remaining,221.20000000000002,0.5,221.70000000000002,110
CBShdInspired,Image remaining,221.75000000000003,0.5,222.25000000000003,110
CBShdInspired,Image remaining,222.30000000000004,0.5,222.80000000000004,110
CBShdInspired,Image remaining,222.85000000000005,0.5,223.35000000000005,110
CBShdInspired,Image remaining,223.40000000000006,0.5,223.90000000000006,110
CBShdInspired,Image remaining,223.95000000000007,0.5,224.45000000000007,110
CBShdInspired,Image remaining,224.50000000000009,0.5,225.00000000000009,110
CBShdInspired,Image remaining,225.0500000000001,0.5,225.5500000000001,110
CBShdInspired,Image remaining,225.6000000000001,0.5,226.1000000000001,110
CBShdInspired,Image remaining,226.15000000000012,0.5,226.65000000000012,110
CBShdInspired,Image remaining,226.70000000000013,0.5,227.20000000000013,110
CBShdInspired,Image remaining,227.25000000000014,0.5,227.75000000000014,110
CBShdInspired,Image remaining,227.80000000000015,0.5,228.30000000000015,110
CBShdInspired,Image remaining,228.35000000000016,0.5,228.85000000000016,110
CBShdInspired,Image remaining,228.90000000000018,0.5,229.40000000000018,110
CBShdInspired,Image remaining,229.4500000000002,0.1585999999997938,229.60859999999997,110
CBShdInspired,Image budget,222.0,0.5,222.5,111
CBShdInspired,Control,222.5,0.4,222.9,111
CBShdInspired,Comm,222.9,0.3,223.20000000000002,111
CBShdInspired,Image remaining,223.20000000000002,0.5,223.70000000000002,111
CBShdInspired,Image remaining,223.75000000000003,0.5,224.25000000000003,111
CBShdInspired,Image remaining,224.30000000000004,0.5,224.80000000000004,111
CBShdInspired,Image remaining,224.85000000000005,0.5,225.35000000000005,111
CBShdInspired,Image remaining,225.40000000000006,0.5,225.90000000000006,111
CBShdInspired,Image remaining,225.95000000000007,0.5,226.45000000000007,111
CBShdInspired,Image remaining,226.50000000000009,0.5,227.00000000000009,111
CBShdInspired,Image remaining,227.0500000000001,0.5,227.5500000000001,111
CBShdInspired,Image remaining,227.6000000000001,0.5,228.1000000000001,111
CBShdInspired,Image remaining,228.15000000000012,0.5,228.65000000000012,111
CBShdInspired,Image remaining,228.70000000000013,0.5,229.20000000000013,111
CBShdInspired,Image remaining,229.25000000000014,0.5,229.75000000000014,111
CBShdInspired,Image remaining,229.80000000000015,0.5,230.30000000000015,111
CBShdInspired,Image remaining,230.35000000000016,0.5,230.85000000000016,111
CBShdInspired,Image remaining,230.90000000000018,0.14029999999982223,231.0403,111
CBShdInspired,Image budget,224.0,0.5,224.5,112
CBShdInspired,Control,224.5,0.4,224.9,112
CBShdInspired,Comm,224.9,0.3,225.20000000000002,112
CBShdInspired,Image remaining,225.20000000000002,0.5,225.70000000000002,112
CBShdInspired,Image remaining,225.75000000000003,0.5,226.25000000000003,112
CBShdInspired,Image remaining,226.30000000000004,0.5,226.80000000000004,112
CBShdInspired,Image remaining,226.85000000000005,0.5,227.35000000000005,112
CBShdInspired,Image remaining,227.40000000000006,0.5,227.90000000000006,112
CBShdInspired,Image remaining,227.95000000000007,0.5,228.45000000000007,112
CBShdInspired,Image remaining,228.50000000000009,0.5,229.00000000000009,112
CBShdInspired,Image remaining,229.0500000000001,0.5,229.5500000000001,112
CBShdInspired,Image remaining,229.6000000000001,0.5,230.1000000000001,112
CBShdInspired,Image remaining,230.15000000000012,0.5,230.65000000000012,112
CBShdInspired,Image remaining,230.70000000000013,0.5,231.20000000000013,112
CBShdInspired,Image remaining,231.25000000000014,0.5,231.75000000000014,112
CBShdInspired,Image remaining,231.80000000000015,0.5,232.30000000000015,112
CBShdInspired,Image remaining,232.35000000000016,0.5,232.85000000000016,112
CBShdInspired,Image remaining,232.90000000000018,0.26859999999990336,233.16860000000008,112
CBShdInspired,Image budget,226.0,0.5,226.5,113
CBShdInspired,Control,226.5,0.4,226.9,113
CBShdInspired,Comm,226.9,0.3,227.20000000000002,113
CBShdInspired,Image remaining,227.20000000000002,0.5,227.70000000000002,113
CBShdInspired,Image remaining,227.75000000000003,0.5,228.25000000000003,113
CBShdInspired,Image remaining,228.30000000000004,0.5,228.80000000000004,113
CBShdInspired,Image remaining,228.85000000000005,0.5,229.35000000000005,113
CBShdInspired,Image remaining,229.40000000000006,0.5,229.90000000000006,113
CBShdInspired,Image remaining,229.95000000000007,0.5,230.45000000000007,113
CBShdInspired,Image remaining,230.50000000000009,0.5,231.00000000000009,113
CBShdInspired,Image remaining,231.0500000000001,0.5,231.5500000000001,113
CBShdInspired,Image remaining,231.6000000000001,0.5,232.1000000000001,113
CBShdInspired,Image remaining,232.15000000000012,0.5,232.65000000000012,113
CBShdInspired,Image remaining,232.70000000000013,0.5,233.20000000000013,113
CBShdInspired,Image remaining,233.25000000000014,0.5,233.75000000000014,113
CBShdInspired,Image remaining,233.80000000000015,0.5,234.30000000000015,113
CBShdInspired,Image remaining,234.35000000000016,0.5,234.85000000000016,113
CBShdInspired,Image remaining,234.90000000000018,0.2379999999998006,235.13799999999998,113
CBShdInspired,Image budget,228.0,0.5,228.5,114
CBShdInspired,Control,228.5,0.4,228.9,114
CBShdInspired,Comm,228.9,0.3,229.20000000000002,114
CBShdInspired,Image remaining,229.20000000000002,0.5,229.70000000000002,114
CBShdInspired,Image remaining,229.75000000000003,0.5,230.25000000000003,114
CBShdInspired,Image remaining,230.30000000000004,0.5,230.80000000000004,114
CBShdInspired,Image remaining,230.85000000000005,0.5,231.35000000000005,114
CBShdInspired,Image remaining,231.40000000000006,0.5,231.90000000000006,114
CBShdInspired,Image remaining,231.95000000000007,0.5,232.45000000000007,114
CBShdInspired,Image remaining,232.50000000000009,0.5,233.00000000000009,114
CBShdInspired,Image remaining,233.0500000000001,0.5,233.5500000000001,114
CBShdInspired,Image remaining,233.6000000000001,0.5,234.1000000000001,114
CBShdInspired,Image remaining,234.15000000000012,0.5,234.65000000000012,114
CBShdInspired,Image remaining,234.70000000000013,0.5,235.20000000000013,114
CBShdInspired,Image remaining,235.25000000000014,0.5,235.75000000000014,114
CBShdInspired,Image remaining,235.80000000000015,0.5,236.30000000000015,114
CBShdInspired,Image remaining,236.35000000000016,0.5,236.85000000000016,114
CBShdInspired,Image remaining,236.90000000000018,0.32689999999997,237.22690000000014,114
CBShdInspired,Image budget,230.0,0.5,230.5,115
CBShdInspired,Control,230.5,0.4,230.9,115
CBShdInspired,Comm,230.9,0.3,231.20000000000002,115
CBShdInspired,Image remaining,231.20000000000002,0.5,231.70000000000002,115
CBShdInspired,Image remaining,231.75000000000003,0.5,232.25000000000003,115
CBShdInspired,Image remaining,232.30000000000004,0.5,232.80000000000004,115
CBShdInspired,Image remaining,232.85000000000005,0.5,233.35000000000005,115
CBShdInspired,Image remaining,233.40000000000006,0.5,233.90000000000006,115
CBShdInspired,Image remaining,233.95000000000007,0.5,234.45000000000007,115
CBShdInspired,Image remaining,234.50000000000009,0.5,235.00000000000009,115
CBShdInspired,Image remaining,235.0500000000001,0.5,235.5500000000001,115
CBShdInspired,Image remaining,235.6000000000001,0.5,236.1000000000001,115
CBShdInspired,Image remaining,236.15000000000012,0.5,236.65000000000012,115
CBShdInspired,Image remaining,236.70000000000013,0.5,237.20000000000013,115
CBShdInspired,Image remaining,237.25000000000014,0.5,237.75000000000014,115
CBShdInspired,Image remaining,237.80000000000015,0.5,238.30000000000015,115
CBShdInspired,Image remaining,238.35000000000016,0.5,238.85000000000016,115
CBShdInspired,Image remaining,238.90000000000018,0.5,239.40000000000018,115
CBShdInspired,Image remaining,239.4500000000002,0.012200000000024858,239.46220000000022,115
CBShdInspired,Image budget,232.0,0.5,232.5,116
CBShdInspired,Control,232.5,0.4,232.9,116
CBShdInspired,Comm,232.9,0.3,233.20000000000002,116
CBShdInspired,Image remaining,233.20000000000002,0.5,233.70000000000002,116
CBShdInspired,Image remaining,233.75000000000003,0.5,234.25000000000003,116
CBShdInspired,Image remaining,234.30000000000004,0.5,234.80000000000004,116
CBShdInspired,Image remaining,234.85000000000005,0.5,235.35000000000005,116
CBShdInspired,Image remaining,235.40000000000006,0.5,235.90000000000006,116
CBShdInspired,Image remaining,235.95000000000007,0.5,236.45000000000007,116
CBShdInspired,Image remaining,236.50000000000009,0.5,237.00000000000009,116
CBShdInspired,Image remaining,237.0500000000001,0.5,237.5500000000001,116
CBShdInspired,Image remaining,237.6000000000001,0.5,238.1000000000001,116
CBShdInspired,Image remaining,238.15000000000012,0.5,238.65000000000012,116
CBShdInspired,Image remaining,238.70000000000013,0.5,239.20000000000013,116
CBShdInspired,Image remaining,239.25000000000014,0.5,239.75000000000014,116
CBShdInspired,Image remaining,239.80000000000015,0.5,240.30000000000015,116
CBShdInspired,Image remaining,240.35000000000016,0.5,240.85000000000016,116
CBShdInspired,Image remaining,240.90000000000018,0.10670000000018831,241.00670000000036,116
CBShdInspired,Image budget,234.0,0.5,234.5,117
CBShdInspired,Control,234.5,0.4,234.9,117
CBShdInspired,Comm,234.9,0.3,235.20000000000002,117
CBShdInspired,Image remaining,235.20000000000002,0.5,235.70000000000002,117
CBShdInspired,Image remaining,235.75000000000003,0.5,236.25000000000003,117
CBShdInspired,Image remaining,236.30000000000004,0.5,236.80000000000004,117
CBShdInspired,Image remaining,236.85000000000005,0.5,237.35000000000005,117
CBShdInspired,Image remaining,237.40000000000006,0.5,237.90000000000006,117
CBShdInspired,Image remaining,237.95000000000007,0.5,238.45000000000007,117
CBShdInspired,Image remaining,238.50000000000009,0.5,239.00000000000009,117
CBShdInspired,Image remaining,239.0500000000001,0.5,239.5500000000001,117
CBShdInspired,Image remaining,239.6000000000001,0.5,240.1000000000001,117
CBShdInspired,Image remaining,240.15000000000012,0.5,240.65000000000012,117
CBShdInspired,Image remaining,240.70000000000013,0.5,241.20000000000013,117
CBShdInspired,Image remaining,241.25000000000014,0.5,241.75000000000014,117
CBShdInspired,Image remaining,241.80000000000015,0.5,242.30000000000015,117
CBShdInspired,Image remaining,242.35000000000016,0.5,242.85000000000016,117
CBShdInspired,Image remaining,242.90000000000018,0.04189999999965721,242.94189999999983,117
CBShdInspired,Image budget,236.0,0.5,236.5,118
CBShdInspired,Control,236.5,0.4,236.9,118
CBShdInspired,Comm,236.9,0.3,237.20000000000002,118
CBShdInspired,Image remaining,237.20000000000002,0.5,237.70000000000002,118
CBShdInspired,Image remaining,237.75000000000003,0.5,238.25000000000003,118
CBShdInspired,Image remaining,238.30000000000004,0.5,238.80000000000004,118
CBShdInspired,Image remaining,238.85000000000005,0.5,239.35000000000005,118
CBShdInspired,Image remaining,239.40000000000006,0.5,239.90000000000006,118
CBShdInspired,Image remaining,239.95000000000007,0.5,240.45000000000007,118
CBShdInspired,Image remaining,240.50000000000009,0.5,241.00000000000009,118
CBShdInspired,Image remaining,241.0500000000001,0.5,241.5500000000001,118
CBShdInspired,Image remaining,241.6000000000001,0.5,242.1000000000001,118
CBShdInspired,Image remaining,242.15000000000012,0.5,242.65000000000012,118
CBShdInspired,Image remaining,242.70000000000013,0.5,243.20000000000013,118
CBShdInspired,Image remaining,243.25000000000014,0.5,243.75000000000014,118
CBShdInspired,Image remaining,243.80000000000015,0.5,244.30000000000015,118
CBShdInspired,Image remaining,244.35000000000016,0.5,244.85000000000016,118
CBShdInspired,Image remaining,244.90000000000018,0.21429999999995175,245.11430000000013,118
CBShdInspired,Image budget,238.0,0.5,238.5,119
CBShdInspired,Control,238.5,0.4,238.9,119
CBShdInspired,Comm,238.9,0.3,239.20000000000002,119
CBShdInspired,Image remaining,239.20000000000002,0.5,239.70000000000002,119
CBShdInspired,Image remaining,239.75000000000003,0.5,240.25000000000003,119
CBShdInspired,Image remaining,240.30000000000004,0.5,240.80000000000004,119
CBShdInspired,Image remaining,240.85000000000005,0.5,241.35000000000005,119
CBShdInspired,Image remaining,241.40000000000006,0.5,241.90000000000006,119
CBShdInspired,Image remaining,241.95000000000007,0.5,242.45000000000007,119
CBShdInspired,Image remaining,242.50000000000009,0.5,243.00000000000009,119
CBShdInspired,Image remaining,243.0500000000001,0.5,243.5500000000001,119
CBShdInspired,Image remaining,243.6000000000001,0.5,244.1000000000001,119
CBShdInspired,Image remaining,244.15000000000012,0.5,244.65000000000012,119
CBShdInspired,Image remaining,244.70000000000013,0.5,245.20000000000013,119
CBShdInspired,Image remaining,245.25000000000014,0.5,245.75000000000014,119
CBShdInspired,Image remaining,245.80000000000015,0.5,246.30000000000015,119
CBShdInspired,Image remaining,246.35000000000016,0.5,246.85000000000016,119
CBShdInspired,Image remaining,246.90000000000018,0.2988999999996089,247.19889999999978,119
